category,content
体育,"春兰杯决赛有奖竞猜启动 选择冠军赢取空调大奖
　　新浪体育讯　第8届春兰杯世界围棋锦标赛决赛将于6月27日至30日在重庆开战，中国棋手谢赫将与韩国李世石进行三番棋的争夺(27日，29日，30日对局)。欢迎广大网友参加有奖竞猜，选择您心目中的冠军棋手。春兰公司将从猜中冠军得主的网友中抽取2名获得大奖，每人获得一台春兰空调(型号为KFR-25GW/AZ3d-E1)。
　　请参加竞猜的网友填写下面的调查和个人资料，竞猜截止时间为6月27日上午9时整。"
体育,"深足名将家中传噩耗为父奔丧 祸不单行遭女友背叛
　　新浪体育讯　北京时间10月26日，深圳茅台红钻队洪都拉斯外援弗洛雷斯收到父亲去世的噩耗，今晚，这位球队的“开心果”带着悲伤的心情离开了深圳，他将前往洪都拉斯与父亲告别，同时，他不得不提前告别2011赛季。
　　今天是深圳红钻(微博)休息日，由于昨天的训练课上了大量，教练组决定给全队放假一天。上午，正在酒店休息的弗洛雷斯收到了父亲突然去世的消息，噩耗袭来，弗洛雷斯深受打击。当笔者打通他的电话时，弗洛雷斯的声音十分低沉：“是的，我爸爸走了，这事发生在昨晚或许是今天凌晨。我今天晚上就回洪都拉斯。”
　　随后，深圳红钻俱乐部工作人员第一时间帮助弗洛雷斯定了回国机票，今天中午，弗洛雷斯启程离开深圳，玻利维亚后卫里维罗帮助他拉着行李箱走出酒店大堂，里维罗与好友告别时眼眶已湿润，而正在酒店餐厅吃午饭的迪力木拉提(微博)、耶合亚和沙拉依丁三位新疆球员也将弗洛雷斯送到门口，当时，每个人的脸上都写满了悲伤。
　　俱乐部安排了一辆深港两地牌照的轿车，将弗洛雷斯直接送到香港机场。今晚，弗洛雷斯从香港启程，途径慕尼黑、法兰克弗、墨西哥返回洪都拉斯，等他回到家中时，将是明天晚上。说到归期时，弗洛雷斯告诉笔者：“由于路途遥远，我无法赶回深圳参加余下的比赛了，我们明年再见吧。”这也意谓着，弗洛雷斯将缺席剩下的两轮联赛，他已经提前告别本赛季。
　　弗洛雷斯是洪都拉斯上赛季联赛最佳射手，今年夏天，他在中超二次转会期间加盟深圳红钻，双方签定了为期一年半的租借合同。来到深圳之后，弗洛雷斯的表现没有征服主帅特鲁西埃，他的首发上场机会并不多，在红钻主场与天津泰达(微博)及客场与广州恒大(微博)的两场比赛中，弗洛雷斯打进两球。
　　球场下，弗洛雷斯因性格开朗、爱开玩笑、爱搞怪而被视为红钻“开心果”，队员们也喜欢拿他开心，他毫不介意。不过，在深圳红钻客战青岛中能(微博)时，笔者发现弗洛雷斯有些孤单落寞，当他独自一人坐在酒店门口的台阶上听音乐、发呆时，笔者上前和他聊了一会儿，原来，开心果失恋了，“我在中国，她在洪都拉斯，两人相隔这么远，分手并不意外，她和另一个男人好上了，把我甩了，这也没什么。我没有为此流眼泪，因为我是男人。”随后，乐天派的弗洛雷斯又眨了眨眼说：“要不你帮我介绍中国女孩子吧。”
　　如今，失恋的弗洛雷斯又遭遇丧父的巨大打击，为此，深圳红钻的队员们纷纷为他祈福，队长黄凤涛(微博)在微博上写着：“祈福，愿他一切平安顺利！”而主帅特鲁西埃亦悲伤地表示：“Rony失去了他的父亲，这是一个坏消息，我很难用语言来表达我的心情，此刻，我们愿意分担他的痛苦，愿他和家人早日走出悲伤的阴影！”(文莉)"
体育,"尼尔森锦标赛杆数罕有之高 夺冠成绩不及往年前20
　　新浪体育讯　北京时间5月31日，拜伦-尼尔森锦标赛的杆数出奇之高，最终两位打出低于标准杆3杆的选手要通过延长赛争胜负。要知道这样一个杆数，过去十年有九年都无法进入前20名。
　　拜伦-尼尔森锦标赛两轮结束之后，领先的杆数为低于标准杆8杆。可是另外36洞打完之后，胜杆就为低于标准杆3杆。
　　这是本赛季最高的胜杆数，它是四季TPC球场大风的副产品，周末的持续风力达到了35英里/消失。的确，把低于标准杆3杆放到过去10年去看，这个杆数根本算不上什么。现在就让我们看一看打出低于标准杆3杆，过去十年能获得什么名次。
　　(小风)"
体育,"刘玉明解亚泰选帅：谈判破裂为啥 欢迎福拉多回来
　　新浪体育讯　近来中超卫冕冠军长春亚泰队选帅一事引起诸多方面的关注，特别是一度传言前国家队执行主教练福拉多欲入主亚泰，那么福拉多为何来到长春之后没能与亚泰签约？亚泰俱乐部与福拉多接触的前后始末又是如何？接下来卫冕冠军的教鞭又将交给谁人？对于这些焦点话题，长春亚泰俱乐部董事长刘玉明独家接受了新浪体育专访。
　　关于选帅背景
　　新浪体育：在亚泰选帅过程中，有各种各样的传闻，其中就消息称早在高洪波下课前亚泰俱乐部就与福拉多达成共识，来亚泰队执教，真实情况是这样的吗？
　　刘玉明：这是一种不负责的、完全杜撰出来的消息。当时福拉多还在国家队任教，高指导也在带队打比赛，我和高指导在工作配合上比较愉快，所以也不可能和福拉多有什么接触。更关键的一点，我们当时根本没有换帅的想法。
　　新浪体育：现在能说一说当初选帅时的背景吗？这是你与福拉多的第一次见面吗？
　　刘玉明：高指导是在我们主场打上海申花队之前离开的。因为高指导的离开突然，我们没有准备，只能让李旭川先带队。但是高指导离开亚泰队之后，我们肯定要选择主帅，这种情况下先后有10名教头和我们取得联系，都想来亚泰执教，但是在第一批之中，确实没有福拉多的名字。而且我至今只见过福拉多一面。当初还是福拉多带国家队的时候，他来长春考察场地，那是唯一的一次见面。这次是第二次见面。说我们在高洪波下课之前就和福拉多取得联系完全是一种杜撰的、是极不负责任的说法。
　　关于福拉多执教目标
　　新浪体育：有报道称福拉多22日就入住基地与队员同吃同住，似乎已经正式入主亚泰，当时情况是否如此？
　　刘玉明：这个更是笑谈了。按时间来算，福拉多是18日通过经纪人和我取得的联系，表达了一种意向，就是想来我们长春亚泰执教，他肯定是想证明他的能力。当时我们的主帅还没有确定，所以谁来报名我们都欢迎。这样在21日晚上23点30分，福拉多到达长春，到我们俱乐部已经是凌晨了。当时有媒体说他22日就到基地与球员同吃住，完全就是笑谈。为什么这么讲，我们球队放假是放到22日晚上10点。18点之前没有球员归队，而且我们球队也没有开火做饭，他怎么和队员同吃同住呢？连我都是22日的下午才和福拉多见的面。他怎么可能和队员同吃同住呢。
　　新浪体育：福拉多是哪天与你开始面谈的，有消息21日就已完成签约，今天又突生变故？这中间有什么事情发生吗？
　　刘玉明：福拉多是22号凌晨才到长春的，我们是当天下午见面的，我们在一起谈了3个多小时。对合同的条款，和他的一些待遇我们进行了比较融洽的商谈，谈的过程中比较愉快，他表示等到他的助手日尔科23日到长春之后，再看看他有什么要求，所以当时表示23日我们再来签合同。
　　新浪体育：谈判之中亚泰对福拉多提出什么样的目标？
　　刘玉明：目标就是保四争三，我们不会因为换帅就发生变化，我们当时和福拉多谈的时候就明确表示今年的目标不会变，我们也希望他能够长期在亚泰执教。我们决不是找一个应急的教练来救火。我们这个俱乐部要打造百年俱乐部，所以我们不可能很频繁的更换教练，除非是教练的个人原因不胜任俱乐部工作，除此之外情况我们不会换教练的。当年殷铁生在我们这执教就是一个例子，他在我们这里工作了4年半的时间，他的离开是去国青执教。这回我们和福拉多谈的也是这样，希望福拉多能长期在亚泰执教，我甚至承诺，如果他对这份工作满意，对我们球队有信心，我们希望他在亚泰干到退休。当时他也表示满意和高兴。他说，他原来之所以没有在第一时间决定来亚泰，是因为他是经过详细了解才决定让经纪人联系的。另外他对我们球员也比较了解，因为我们有几名球员在国家队，他到我们的基地也来看过，对我们的基地管理、储备、还有我们球员能力也都很赞赏。我想福拉多在18日以后才与我们联系，是经过深思熟虑后才做出的决定。"
体育,"火箭一妖人命中率达62% 场均16+11人被他彻底打爆
　　新浪体育讯　北京时间11月12日，前一天刚刚被小牛大翻盘的火箭终于出了口恶气，他们在主场25分狂胜弱旅灰熊，将战绩提升为5胜3负，继续高居西部第六。而主力中锋海耶斯也一扫上场得到“鸭蛋”的低迷，4投3中得到6分，还有8个篮板和2记盖帽。
　　如今，谁在认为“海爷”是个毫无攻击力的纯蓝领球员，那可真把人看扁了。此役过后，海耶斯本赛季8场比赛总共43投26中，命中率高达61.9%。如果比较平均每场出手超过5次的球员命中率，排在他前面的只有小牛主力中锋埃里克-丹皮尔、76人替补中锋马里斯-斯贝茨、魔术主力中锋德怀特-霍华德和黄蜂主力控卫克里斯-保罗。前三个都是身高超过6尺10(2.08米)的长人，后一个则是超级巨星，只有海耶斯无论从身高还是名气，都平平无奇。
　　自从本赛季顶替姚明成为首发中锋，又当上了球队队长，海耶斯就知道了自己身负重任：“我知道自己必须要在场上打更长时间，那我就必须要多得分，这样才能为球队做更多的贡献。”据他介绍说，今年夏天休赛期，当得知姚明伤势加重，09-10赛季可能整个报销后，便开始了疯狂的进攻训练。“我必须能把球放进篮筐才行，”海耶斯如是说。
　　当然，指望“海爷”像斯科拉那样用脚步晃开对手，像兰德里那样暴扣，或者像大卫-安德森一样中远距离出手是不可能的。海耶斯的进攻只有一招：无球穿插跑动，趁对手不备的时候，利用时间差得分。“进攻时我必须得提速，如果我能比对手更快，那么一定会有瞬间，对手没有人防守我，这就是我得分的诀窍，”海耶斯说。
　　就是靠着这手看似不入流的本事，海耶斯新赛季场均得分已经超过了6分，再加上7个篮板的数据，和联盟大多数首发中锋的贡献相比毫不逊色。另外，他的防守方面丝毫没有放松。尽管上场打小牛被丹皮尔羞辱，但这场面对经验尚浅的灰熊内线小加索尔，海耶斯完全压制了对手。此前场均可以攻下16分11.4个篮板的西班牙人，本场比赛7投仅1中，得到3分，篮板也不过7个。比起对面这个身高不过1.98米的微型对手，小加索尔只能慨叹人不可貌相。比起海耶斯，他才刚上路呢。(蒙蒙)"
娱乐,"张伟健张茜夫妇甜蜜出行 路边摊开心买桔子(图)
　　新浪娱乐讯 日前，张卫健和张茜夫妇相伴出行，途中张茜体贴的下车为老公买桔子，非常窝心。
　　当晚，在北京望京附近某条路段旁的水果摊附近，艺人张茜正在认真挑选桔子。在挑好的橘子后，张茜递给了店主一张面值十元的人民币。等称完重量后，张茜拿起桔子就向外走，在听到店主拿着找零的零钱在其后面高喊时，张茜只是回头冲店主说了句话就回到了车里。看得出来心情很好。图库供稿"
娱乐,"宋祖德律师称录音证据经剪辑处理 法庭认定有效
　　新浪娱乐讯 “谢晋遗孀徐大雯告宋祖德名誉侵权案”于12月25日13时15分在静安区人民法院公开宣判。法院一审判被告需赔偿原告20万元精神损失费并公开道歉。在一审中，宋祖德律师否认齐鲁电视台记者周昕采访过宋祖德，并称采访录音是经过剪辑处理的。针对这一辩护，法院认定周昕采访过宋祖德，提供录音真实有效。宣判后，徐大雯当场表示：“非常感谢”。jzb/文"
娱乐,"偶像明星遇年龄尴尬 周渝民首次演爸爸
　　再偶像的明星也会碰到年龄的尴尬，再受青少年欢迎的艺人也要和粉丝们一起成长……继飞轮海成员吴尊在大银幕搏杀后，今年迈入而立之年的汪东城也开始了大银幕之路，并且起点就立志转型，变身成熟稳重的设计师。此外，今年同样开始“3字头”年龄的周渝民，也被爆将参演朱延平导演的新片《天生一对》，首次尝试父亲的角色，十足让人期待。信息时报记者 王晓静 　周渝民小小彬演绎父子情
　　去年的贺岁片《大笑江湖》票房不俗，口碑却出现两极，区域差异更是明显，但导演朱延平显然已经将心思放在了新片上。日前，他向记者透露了自己的新片计划——家庭喜悲剧《天生一对》将于5月开机。周渝民将首次扮演父亲的角色，和小小彬上演一段单亲家庭的父子情，而女主角将由Ella担纲，但两人的关系则是朋友。朱延平坦承这依然会是一部大制作，因为“只有大制作才是最安全的”。
　　从《流星花园》中走出的偶像派演员周渝民，如今要在大银幕上升级成为父亲，听起来似乎有点难想象。但是朱延平并不担心周渝民不够父亲气质，“我觉得特别有底，而且我对改造演员都特别有信心。”至于是否会因此让其告别偶像派标签，朱延平也笑着说，“等我改造了之后，就完全有可能啦，大家就会对他有不同的认识了！”
　　朱延平透露，周渝民在片中的年龄和现实生活中接近，“都是30多岁，所以年龄上应该没什么问题。其实在角色塑造上我也觉得他完全可以胜任，尽管他还没有结婚生孩子。”但有些不幸的是，他在片中的婚姻却遭遇了离婚的境地。据悉，周渝民的孩子将由台湾人气童星小小彬饰演，至于谁会演周渝民的太太，朱延平透露目前还没有确定，但估计也会是和他年龄差不多的女演员。已经确定的另外一位女主角Ella，则会饰演周渝民的朋友，但两人究竟会有什么“进展”，目前还无法透露更多。“其实就是一个家庭故事，定位为‘喜悲剧’，现在在准备中了，主要会在上海拍摄，也会去台湾的一些牧场。”但他否认故事背景是在上海，“拍摄地和故事发生在哪里没有太多关系，主要是讲家庭。”
　　汪东城上演大银幕惊魂
　　汪东城担纲男一号的惊悚悬疑电影《紫宅》昨日在苏州宣布开机。影片由香港顶尖摄影师潘恒生执导，汪东城、佟丽娅、唐文龙、佟晨洁等各地明星参演，还有金马影帝谢君豪友情出演。值得一提的是，本片是汪东城首度进军大银幕之作。身为台湾当红偶像团体飞轮海成员之一的他，在台湾偶像剧中一直都以阳光帅气的大男孩形象示人，此次他将出演颠覆之前作品中的形象，在《紫宅》中汪东城将饰演一位成熟稳重的设计师。从一个大男孩转变成一个男人，在演技上绝对是大考验，想必也会让其觉得压力不小。
　　此次片方除邀得曾为电影《阮玲玉》、《滚滚红尘》、《倩女幽魂》、《大话西游》等影片担任摄像的潘恒生作为本片导演外，还请来指导过《蝙蝠侠前传》、《特洛伊》等好莱坞大片后期视效的Johnny Guo担任特效指导。获得过香港金像奖最佳配乐、最佳主题曲奖的三木单丹担任本片的作曲与总制片人。
　　《紫宅》将融合了惊悚、爱情、悬疑等元素的惊悚题材，讲述从留居国外的富家女周彤带未婚夫李毅回国继承父亲的遗产开始，由此揭开了一段尘封记忆的故事。影片的制作周期约为半年，预计9月与观众见面。"
娱乐,"“明日之星”广州组淘汰4人 太谦让成失败原因
　　>“明日之星”广州组淘汰赛，选手们紧张地等待“裁决”
　　本报讯(记者 钱佳芸 实习生 王高财)第八届“明日之星”影视新星大赛广州影视基地小组进行了小组淘汰赛，由3位资深影视界人士组成的评委团根据选手们在拍摄期间面对困难时的表现、是否具有良好的屏幕形象以及和工作人员的沟通等方面进行12进8的艰难选择。最后，4名选手被淘汰出局。
　　当天下午，12名选手被分成6个小组进行PK。3名评委在点评时展现出“火辣”一面，当他们让选手评价一下自己的表现时，1号和2号选手互相谦让一味表扬对方的态度让评委们很恼火。最终，两位选手双双被淘汰。在点评时，评委们一致表示，只有对自己有信心，希望继续走下去的选手才能获得最基本的晋级资格。"
娱乐,"吴尊韩国宣传《公主小妹》 与粉丝亲密接触(图)
　　新浪娱乐讯 7月30日，飞轮海( 听歌 blog)成员吴尊( blog)为宣传电视剧《公主小妹()》访问韩国。此次见面会吸引近600名FANS参加，本来应与其一起访问韩国的另一成员辰亦儒因病未能出席。前一天还在日本赶戏的吴尊因身体不适服用药物而发生过敏，本以为不能参加韩国的见面会或者只能带着墨镜参加，幸好在活动当天因过敏肿起的眼睛已无大碍，可以最帅气的姿态站在韩国FANS的面前，吴尊当天和FANS一起度过两个小时的愉快时光。娃娃发自韩国站
　　声明：新浪网独家稿件，转载请注明出处。"
家居,"别墅拥有者的珍藏级经典之作的欲望清单(组图)
　　
    水晶吊灯秋千椅
　　水晶吊灯秋千椅(品牌：IPE CAVALLI)
　　璀璨无比的多层水晶吊灯，伸展出秋千式的华丽座椅，奇异的灯具仿佛出自欧洲皇室小公主的梦境，既富有高贵色彩又充满浪漫情怀。"
家居,"大岭山家具企业销量前10月同比增长一倍
　　记者获悉，2010年前10月，大岭山镇家具企业内销总额为3.89亿元，同比增长104.26%。　　为了推动家具企业开拓内销市场，大岭山下了不少工夫。今年以来，该镇加大内销扶持政策宣传力度，鼓励企业利用传播媒介(如电子商务)发布企业产品广告，极力协调海关部门为企业建立内销“快速通道”。"
家居,"简洁造型色调统(图)
　　简洁造型色调统——适用大多数
　　茶几的造型、色彩不仅要与周边家具相协调，还要与整体的居室环境一致。与其他家具色调统一、款式相近的茶几给居室风格以和谐、惬意的感觉。造型方面，有着简练直线条的茶几仍是现代风格家居的首选，但是圆形、椭圆形、不规则的线条同样有它的优势。这些曲线在不经意间更贴合人体曲线，且不易伤及好动的儿童。在色彩方面，明快色彩是主角，另外，透明色也以其自然、简单、纯洁的特质大出风头。当然，单一的白色、黑色、米色、原木色仍占据着主流的审美。
　　亲密接触角落空间
　　居室中存在着许多零散的角落空间，利用好它既可以为居室增色，功能上也能得到补充和丰富。以客厅和阳台的夹角区域为例，由于受建制的影响，稍大稍高一点的家具放置在这里会造成不透气的感觉，而专门设计的转角柜，通常价格不菲。不妨考虑用一款小茶几化解这一矛盾。带脚轮的小茶几，移动方便，搭配茶具、灯具、盆栽等物品，立时就能为角落空间展现出新的形象。而套几，摞放在一起，形如装置，看起来也美观。分置于居室的不同角落或者不同居室的角落中，又能形成呼应，营造出整齐协调的感觉。"
家居,"适合谈恋爱的阳台(图)
　　TIP 2 适合谈恋爱的阳台 
　　这样的阳台打造手法比上一个案例更质朴了些，旁边安置的栅栏让空间带了些私密感。看来这样的氛围确实有机会能等爱自己心爱的人了！"
家居,"春节宜居指南：细看木纹 分辨实木家具(3)
　　实木贴面家具：
　　市场量不大易忽视。在《木家具通用技术条件》实施之前，没有多少人将实木贴面家具称为实木家具，它是在家具表面可视的范围，包括面、框架结构都是纯实木(比如用不知名的杂木)，只不过在实木之上又贴了实木木皮(比如柚木、水曲柳等昂贵点的实木木皮)。
　　优点：价格便宜
　　仅从外观上看，实木贴面家具与前两种实木家具没有差别，但实际上，相比前两种实木家具，实木贴面家具基材材质的成本最低，所以价格相对应该最为便宜。实木贴面家具的线条最为优美，设计也更为简约时尚，在实木家具中，是性价比最高的产品。
　　缺点：最重工艺
　　实木贴面家具最讲究工艺，如果工艺不精，贴面很容易起泡甚至脱落。消费者在购买家具时，一定要详细问清楚，然后看贴木皮处的工艺是否平整。"
彩票,"姜山冷门：欧冠激励沙尔克前进 无伊布不影响米兰
　　金石开：上轮德甲沙尔克04主场对阵沃尔夫斯堡，赛前舆论对刚刚打完欧冠的蓝军很不信任，但你却认为沙尔克未必会放弃联赛，还是建议走3/0路线。结果正蓝旗仍是主场击败志在复仇的马加特。再加上周中双杀国米，朗尼克上任后2场联赛和2场欧冠保持全胜。不过本期新浪调查显示的结果和上周很相似，大家更看好主场作战的不来梅，沙尔克客场取胜的支持率仅为20%，你这次对这场比赛又是持什么看法？朗尼克还有机会将全胜纪录持续下去吗？
　　姜山：不来梅虽然最近6轮不败，但只有2胜4平的战绩，而且该队主场连续5轮4平1负不胜，场场都有丢球，防线仍然是他们的痼疾。目前除了防线继续缺少普罗德尔等人外，中场巴尔格弗雷德也染上流感，要缺席周末的比赛。沙尔克自2005年的德国杯和联赛杯半决赛接连淘汰不来梅后，完全改变了往绩上对对手的弱势，最近14次正式比赛对不来梅8胜4平2负，做客也是2胜2平1负，上赛季客场就曾2比0完胜对手。很多人可能只看到欧冠对沙尔克的影响，没有注意到对正蓝旗的刺激作用，两线飘红的情况下，我不认为朗尼克会愿意迎来他在新东家的第一场失利，这场比赛沙尔克依然有很大希望保持不败。
　　金石开：纽伦堡上轮顽强逼平拜仁，终结两连败。但本轮做客凯泽，虽然他们的排名比对手高得多，但目前新浪调查对上轮客场击败斯图加特的凯泽却更为看好，平负两个结果的支持率都只有25%左右。你认为纽伦堡还有客胜的机会吗？另外马加特上任后狼堡还未取胜，主场对圣保利有无可能爆冷？
　　姜山：凯泽近几轮在状态上肯定要强于纽伦堡，不过他们目前保级压力大减，心态上也许会出现松懈。纽伦堡的后卫皮诺拉和钱德勒双双解禁，前锋席贝尔也复出，阵容逐渐恢复整齐。两队在心态上都比较轻松，纽伦堡目前也不太计较胜负得失，如果能拿到3分再拼一下欧战资格当然最好。再加上双方10年来在两级联赛11次交手全部分出胜负的特点，此战仍然是走3/0路线更为妥当。至于沃尔夫斯堡，面对可能是德甲最弱、而且近期遭遇7连败的圣保利，此战再不取胜实在是无法交代了。圣保利的功勋主帅斯坦尼斯拉夫斯基本周宣布赛季结束后离任，可能会转投霍芬海姆，这对圣保利的保级士气也是沉重打击，沃尔夫斯堡主胜应无悬念。
　　金石开：AC米兰的伊布停赛，内斯塔也将因伤缺阵，主场对阵桑普是否还是可以做稳胆使用呢？
　　姜山：伊布本赛季在联赛缺席了4场，AC米兰客场3比2胜巴里、1比0胜卡利亚里、0比1负巴勒莫，主场3比0胜国米，并无太大影响。输给巴勒莫一战，我认为更主要的因素是由于AC米兰本来就不擅做客西西里岛。桑普近6轮1平5负，惟一的平局还被认为是与切沃的默契球。该队冬季转会走了卡萨诺和帕齐尼后实力大减，下半程与意甲前5名的其他4队交手4战且1球不进，而AC米兰目前与联赛后10名球队交手17次，总计11胜5平1负，主场6胜2平。所以即便没有伊布，也不影响AC米兰主场拿下桑普。"
彩票,"央视段暄德甲推荐：不来梅汉堡稳胆 拜仁防范大冷
　　声明：体坛网特供合作伙伴新浪体育刊登，其余媒体未经允许不得转载。
　　段暄：应体坛网邀请，本周起我给大家推荐足彩，重点当然是我解说的德甲联赛了。陆慧明希望我连英超也一起推荐，以保持单子的完整性，我尽力而为吧。
　　08 不来梅VS沃尔夫  推荐:3  不来梅冠军杯踢得非常好，以他们的攻击力，回主场应该没问题，估计是一场大比分。
　　09 汉　堡VS法兰克  推荐:3  双方实力的差距很大，汉堡当可轻松过关。
　　10 斯图加VS拜　仁  推荐:30  真得好好说说拜仁了，他们冠军杯可一点也没放水，客场同里昂进行了一场对攻战，体力消耗巨大。这场球堪称强强对话，拜仁防守始终问题比较多，丢球不少，客场我建议小心，足彩买的就是冷门啊。
　　11 勒　沃VS科特布  推荐:3  科特布斯防守真的太差了，不看好。
　　12 汉诺威VS比勒菲  推荐:3  感觉汉诺威主场优势很大，单选就可以了。
　　13 波　鸿VS科　隆  推荐:30  我不看好他们打平，双方实力差不多，应该一球定胜负。
　　14 赫　塔VS卡尔斯  推荐:31  主队没有绝对实力，但主场也不应该输掉，防个平局。
　　段暄，1995年毕业于北京广播学院后加盟中央电视台，参与了三次奥运会、多次欧洲足球锦标赛、亚洲杯足球赛的转播评论工作；参与了《世界体育报道》栏目的创立，担任其中《足球总汇》的主持人。现在主要担任《天下足球》和德甲联赛等节目的主持人。"
彩票,"切尔西主场负媒体全军覆没--胜负彩10111期比对
　　北京时间11月15日，中国足球彩票中国足球彩票14场胜负游戏第10111期比赛结束，本期彩果随之产生：
新浪体育收集了国内若干媒体的投注推介。在这里我们将这些推介和正确结果进行比对，意在为广大网友今后的投注提供一简单参考，并无意对各家媒体进行排名，特此声明。  (红体字为错误结果)
 
说明：媒体推荐的“历史命中率统计”表示媒体历史平均命中场次，即：历史命中总场数/(胜负彩期数*14)，该数据从胜负彩第08070期开始统计；如上期该媒体无推荐，则“上期命中”用“-”代替。"
彩票,"任选9场开奖头奖1237注8千2 1网友中19注揽15万
　　新浪体育讯　胜负彩10124期任选9场开奖揭晓：一等奖1237注，每注奖金8,279元。任选九场总销量：16,003,064元。投注平台方面，网友[战神时代]一人独得19注任选九场头奖，揽得奖金15万！[查看过关统计]
　　温馨提醒：兑奖有效期60天，本期兑奖截止日期为：2011-2-15，逾期将按弃奖处理。"
彩票,"法甲新赛季赛程：8月7日开战 马赛9月遇魔鬼赛程
　　近日法国足协就公布了2010-2011赛季法甲联赛新赛季的赛程，新赛季的首轮联赛将于8月7日开始，是欧洲五大联赛中率先开战的联赛。根据以往赛季来看，德甲联赛也有望在8月7日开始，这样德甲+法甲的足彩也会在8月7日正式开始，五大联赛届时将会全面回顾足彩竞猜，必将再次掀起胜负彩和单场足彩的投注高潮！
　　在新赛季首轮的比赛中，上赛季联赛冠军马赛将在主场迎战升班马卡昂，开始球队新赛季卫冕征程；联赛亚军里昂也在主场迎战上赛季名列中游的摩纳哥；上赛季前半段表现一直不错最终却一无所获的波尔多首轮就将在客场对阵上赛季的黑马蒙彼利埃。以下是首轮其他比赛的对阵(主场球队列前)：朗斯VS南锡、欧塞尔VS洛里昂、巴黎圣日尔曼VS圣埃蒂安、雷恩VS里尔、图卢兹VS布雷斯特、索肖VS阿维尼翁、尼斯VS瓦朗谢讷。
　　根据新赛季赛程安排，联赛第4轮(9月28日)卫冕冠军马赛将赴客场挑战波尔多，一轮之后的第6轮(9月18日)波尔多再次坐镇主场迎战里昂，第10轮(10月23日)马赛这次客场对阵上赛季主场战绩不错的里尔，第15轮(11月27日)马赛主场迎战上赛季黑马蒙彼利埃，这轮中波尔多也在主场迎战劲敌里尔，第18轮(12月18日)马赛在主场迎战里昂；新年首轮元月15日第20轮，马赛就在主场与波尔多进行新赛季的第2次较量，第22轮(2月5日)里昂回到主场迎战波尔多，第34轮(5月7日)卫冕冠军马赛将客场挑战里昂，这场比赛的结果将左右新赛季夺冠的格局。
　　下面是新赛季法甲联赛的完全赛程：
　　(永明)
　　近日法国足协就公布了2010-2011赛季法甲联赛新赛季的赛程，新赛季的首轮联赛将于8月7日开始，是欧洲五大联赛中率先开战的联赛。根据以往赛季来看，德甲联赛也有望在8月7日开始，这样德甲+法甲的足彩也会在8月7日正式开始，五大联赛届时将会全面回顾足彩竞猜，必将再次掀起胜负彩和单场足彩的投注高潮！
　　在新赛季首轮的比赛中，上赛季联赛冠军马赛将在主场迎战升班马卡昂，开始球队新赛季卫冕征程；联赛亚军里昂也在主场迎战上赛季名列中游的摩纳哥；上赛季前半段表现一直不错最终却一无所获的波尔多首轮就将在客场对阵上赛季的黑马蒙彼利埃。以下是首轮其他比赛的对阵(主场球队列前)：朗斯VS南锡、欧塞尔VS洛里昂、巴黎圣日尔曼VS圣埃蒂安、雷恩VS里尔、图卢兹VS布雷斯特、索肖VS阿维尼翁、尼斯VS瓦朗谢讷。
　　根据新赛季赛程安排，联赛第4轮(9月28日)卫冕冠军马赛将赴客场挑战波尔多，一轮之后的第6轮(9月18日)波尔多再次坐镇主场迎战里昂，第10轮(10月23日)马赛这次客场对阵上赛季主场战绩不错的里尔，第15轮(11月27日)马赛主场迎战上赛季黑马蒙彼利埃，这轮中波尔多也在主场迎战劲敌里尔，第18轮(12月18日)马赛在主场迎战里昂；新年首轮元月15日第20轮，马赛就在主场与波尔多进行新赛季的第2次较量，第22轮(2月5日)里昂回到主场迎战波尔多，第34轮(5月7日)卫冕冠军马赛将客场挑战里昂，这场比赛的结果将左右新赛季夺冠的格局。
　　下面是新赛季法甲联赛的完全赛程：
　　(永明)"
房产,"从郊区转向市区 豪宅市场渐显成熟(图)
　　在北京，从最早温榆河沿线成就的中央别墅区，到主打“皇家板块”的西山别墅区之风光一时，豪宅这个词，逐渐褪去了鲜为人知的神秘色彩，成为众多中产阶层以上人士首选的置业目标，由此也相当程度带动了顺义、密云、昌平等外围区域的发展。
　　但随着近10年的产品换代，以及财富圈层的眼界升级，传统豪宅的配套不足、交通不便、离市区较远，带来精力与时间成本增加等诸多问题，也日益突出。回归城市，正在成为新财富精英们的迫切需求。这些人受过高等教育，多有海外背景和多次置业经历，注重事业追求和生活品质。对他们来说，人生事业的价值体现，与静谧空间的私密享受，是鱼与熊掌都要兼得的目标。
　　城市别墅的出现，也因此得到了这一群体的广泛认同。一些同享城市便利与幽雅环境的高品质项目，往往在尚未开始销售时，已获极高的关注，特别是以远洋天著 (论坛 相册 户型 样板间 点评 地图搜索)为代表的，千万级以上的绝对高端产品，正在让垄断多年的传统豪宅市场，遭遇前所未有的挑战。
　　从郊区转向市区 豪宅市场渐显成熟
　　城市商业核心区的土地价值逐年升高，往来于郊区和城市中心的时间成本、工作效率虚耗严重，这让更多的人将目光，从郊外豪宅转向了城市别墅，置业心态，也日趋成熟。
　　实际上，城市别墅的崛起并非偶然。当高档住宅从对功能的覆盖，直至产品的标准化程度日趋完善时，国际化人居理念的快速普及，和新一代强势财富力量的成长，都对犒赏性居所提出了更高的要求。传统豪宅一味追求的奢华浮夸之风，随着市场理性化被不断淡化。个性化、人性化、精细化，成了新一代高端住宅的核心竞争力。
　　42岁的齐先生05年就在北京郊区购置了一套别墅。多年来的居住感受，让他对这种看似风光体面的生活有苦难言，“公司事情太多，每天忙完基本都半夜了，再开车走很远的路，到了家已经是后半夜了，肯定是倒头就睡，哪有时间还享受什么人生乐趣！后来实在跑烦了，经常是在公司附近随便找个酒店就睡了。”他半开玩笑的说，这几年算下来，自己在家住的时间，还没保姆多，“我都不知道这别墅到底是给谁买的”。
　　在得知远洋天著这一项目之后，齐先生经过实地考察了解，很快有了重新置业的打算。“我们这个年代的人，并不需要多豪华的装修来装点门面，财富、事业、名声都有了，只需要能方便、舒服，符合我的审美和社会层次就行了。亦庄我常来，到国贸很快，四周又不吵，远洋地产我也比较熟，各方面还都比较合适。”
　　据了解，齐先生的经历和观念，也代表了相当一部分，看好远洋天著的客户心态。
　　不只是豪宅 远洋天著欲建行业标准
　　在城市别墅刚开始兴起时，有业内专家即指出，由于北京土地资源所限，真正高品质的城市豪宅产品还十分缺失，亟待一个出类拔萃的产品，为全行业树立起综合性的产品价值体系，以引导这一新居住模式的良性发展。
　　无独有偶，6月23日，2011远洋天著“建立城市别墅标准化体系”论坛盛大召开，多位业内专家及行业人士悉数出席，就当下北京高端住宅市场现状进行了分析，并通过国内外诸多城市别墅案例，总结和梳理了“城市别墅的七大标准”，提出交通、人文环境、生态系统、区域产业、居住体验、服务层级和会所配置这7项指标，是衡量城市别墅产品水平的重要参数。
　　有专家认为，调控力度与竞争压力加大，让同质化项目很难脱颖而出，“只有推出理性的、唯一的、真正高品质的产品，才能赢得诸多拥有高端客户的青睐，并占据市场主导地位。”
　　远洋天著显然有望成为这一规则的制定者。
　　远洋天著是远洋地产蓄力多年缔造的精品项目之一，地处CBD与BDA的中轴线，扼守东五环与京津唐高速交汇要道，全程快速交通一路相随，20分钟直达CBD并辐射全城范围，适中的距离感让区位的优越感十分突出；项目包括375-560平方米联排别墅及部分空中别墅，低密度、精装修，在五环范围内十分罕见。
　　尤其特别的是，远洋天著创造性的开辟出六大主题会所，并引入最顶级的“国际金钥匙物业联盟”作为指定物业管理机构，力求针对不同年龄、性别、需求的业主，实施最具针对性和个性化的服务内容，这一创意在业内尚属首次，也是打动大量高端客户的重要原因之一。细数该项目的各方面优势卖点，我们不难看出，城市别墅的七大标准，均能在这里得到一一对应。远洋天著一方面在身体力行将尖端城市别墅做到极致，也在无形中，为传统豪宅市场设置了一道很难逾越的障碍，即便是后来者，亦需要以远洋天著作为标杆来追赶，相信在短时间内，如何企及与超越，将是众多竞争对手最为头疼的问题。
我要评论
房产导航："
房产,"绿洋山庄荣膺南中国首个世界级奢华居所
　　9月8日上午，绿洋山庄二期销售中心名仕云集，掌声连连。世界奢侈品协会(WLA)•华发集团合作签约暨珠海绿洋山庄“世界级奢华居所”授牌仪式，在此闪耀举行。众人瞩目中，WLA驻华代表欧阳坤先生与华发集团总经理李光宁先生共同签署了合作协议。绿洋山庄以至高无上的极致奢华，赢得了来自国际权威组织的高度认可，同时也作为南中国首个“世界级奢华居所”，把南中国奢华大宅境界引向一个新的标高。
我要评论"
房产,"白洋淀悦榕泉花园洋房与别墅2010年11月开盘
　　【悦榕泉：位于中国白洋淀-华北最大湿地度假区的东南亚风情精装社区，开启温泉之旅，研磨水文化的养生之道。】
　　悦榕泉(论坛 相册 户型 样板间 点评 地图搜索)
　　项目预计2010年11月开盘，花园洋房总价60万元/套，联排别墅总价110-130万元/套，独栋别墅总价200万元/套。项目位于白洋淀雄县 温泉城，华润管理学院西侧。在售户型为104-150平米三居洋房，104-150平米三居联排别墅，190平米2-3居独栋别墅，2011年1月入住。

　　悦榕泉以情景洋房、联排、独栋为主，洋房以90—120平米大两居及小三居为主，联排以120—150平米锻造现代别墅格调，现在签约独栋即送不低于300平米花园，户户均采用温泉入户泡汤。项目的建筑风格为现代简约，共计416席，每套均为东南亚风格精装修设计理念为基调。
　　悦榕泉悦榕泉位于中国白洋淀华北最大湿地度假区的东南亚风情精装社区。沿京石高速驱车90分钟车程即可抵达。紧邻华润国际标准18洞高尔夫球场和芦乡国际高尔夫会所及36洞国际标准高尔夫球场，是白洋淀罕有的养生度假城。
　　以上信息仅供参考，最终以开发商公布为准。
　　点击查看更多打折优惠楼盘信息
　　点击查看最新楼盘户型展示
我要评论
房产导航："
房产,"华远&#8226;九都汇5号楼样板间开放活动圆满落幕
　　7月23日，华远·九都汇 “融汇国际社交 华人世界盛宴” 5号楼空中花园样板间璀璨绽放活动成功举办。在已经实景竣成的项目中央景观带，100多位业主及亲朋好友莅临现场。参观完5号楼样板间及名贵珠宝展之后，优雅f的现场音乐演奏中晚宴活动正式启幕，夜色初上，绚丽的灯光将园区璀璨点亮，各位嘉宾在品尝各种中外美食的同时，欣赏轻松愉快的魔术表演等娱乐节目，活跃的现场气氛让各位业主及准业主提前感受到了夜色下燕莎的无限活力。
　　位于东三环燕莎核心位置的华远·九都汇，拥有浓郁的涉外氛围和国际化的成熟配套。此次亮相的5号楼样板间为Penthouse公寓式酒店，因其不受限购影响，成为当下燕莎地区奢适生活的新关注点，让才智人群尽享国门之心的绝版宜居生活氛围。
　　燕莎核心 奢享涉外国际氛围
　　东三环核心稀缺的土地价值自不待言，尤其燕莎国门中央区域，既占据涉外中央地利，独享燕莎商圈成熟积淀的涉外氛围，又承接南部CBD商圈的强势辐射，区域无疑成为北京建设世界城市的核心引擎。
　　立瞩东三环，一线大道上比肩世界的楼宇林立，这里时刻汇聚着各界高端人士的往来，繁华与喧闹见证着这个世界城市的快速发展。华远·九都汇，则在这喧闹的城市中拥享城市动静合一。10分钟之内，CBD、三里屯等繁华之所尽达，于自家则远瞻静揽团结湖、朝阳公园等城市园景，项目内部中央水景花园以一条动态的水系贯穿全园，在喧嚣的市中心带给人们宁静，形成小区域的宜居宜人的环境。虽处于闹市，却同时将世界繁华与城市宁静悉数尽收眼底，华远·九都汇，大都市生活的绝佳之所，不仅是东三环惟一涉外华邸，更为国际化社交提供最大的便利。
　　国际品质 尊崇定制私人官邸
　　在寸土寸金的世界城市涉外核心区，究竟怎样的居所才能匹配层峰人士的国际化生活需求？华远·九都汇立基北京最为强烈的涉外环境，考量国际社交圈层独有的生活特点与审美倾向，以超大私属定制官邸，为区域高端圈层呈献完美奢适的居住体验。130平米的penthouse涉外宫馆，凭借以岛台为中心的西厨设计，超大面宽的宴客厅，独立奢享步入式衣帽间等国际化空间设计，通过多重功能复合化布局的空间渗透，极大的灵活与丰富起多元化生活需求。更为珍贵的是，penthouse涉外宫馆融入了城市中独有的退台设计构造起空中花园景观，精致的三角花园阳台，有效的将室内空间与室外景象相融合，时刻保证与燕莎的亲近。
　　东三环核心华远·九都汇，一所聚集涉外生活最浓郁的居所，闲时可居室休养生息，忙时亦可于此畅想商务往来，将居所、圈层真正的提升到国际一流水准的品质，引领燕莎人居不断向世界前行。
我要评论"
房产,"西4环大成郡预计3月中下旬推90平起2-3居(图)
　　新浪房产讯(编辑 张跃)大成郡 (论坛 相册 户型 样板间 点评 地图搜索)预计3月中下旬推出新房源，待售户型为90-100平米二居，108-180平米三居，均价待定。项目位于丰台五棵松桥南1500米西四环与大成路交汇处西南，交房入住时间为2011年底。
　　大成郡建筑类型为低密度花园洋房的城市类别墅，项目容积率1.29。绿化覆盖率达到30%，中心园林内的儿童欢乐区和老人活动专属区，整个社区打造的是6桥6景13园的园林理念，社区园林为德式设计，在内部分布13个以不同植物为主题的园。项目为社区打造了完善的配套，居住在社区内，不仅能享受完善的城市资源，还能享有郊区别墅的恬静、自然的别墅生活，体会闹中取静的生活方式。
　　>>点击了解更多丰台区热点楼盘
　　大成郡的建筑形式为传统的围合式设计，由48栋6-9层带电梯的板式住宅楼构成，分为6个组团。附近有一线地铁五棵松站，西四环17条公交路线，处于西四环与大成路交汇处西南角，拥有极为便利的交通，地理位置十分优越，北可直达海淀区金源商圈、中关村商圈，南接丰台区高新科技产业园区，通过长安街的连接，可迅速到达公主坟及金融街商圈。
　　以上信息仅供参考，最终以开发商公布为准。本稿件为新浪乐居独家原创稿件，版权所有，引用或转载请注明出处。
　　订阅会员置业刊 我们将直接把最新的热盘动向发送到您的邮箱
　　更多热盘推荐：重拳限购外地人买房别愁 总价50万拿下便宜房 精装纯新盘 淘最全打折盘 最新楼盘户型展示 遍搜京城准现房 楼市最火百盘榜"
教育,"香港中文大学两学院首次内地招生
　　北京考试报讯 记者日前从香港中文大学获悉，今年该校计划在内地招生250人，其中，在京招19人，医学院和教育学院首次面向内地招生。
　　据介绍，该校内地招生专业包括文科基础班、理科基础班、工科基础班和商科基础班。医学院和教育学院分属于理科基础班和文科基础班。本科生第一学年按志愿修读一个基础班，第二学年攻读选定专业。
　　该校入学及学生资助处处长周陈文琬介绍，学校今年在京文科类计划为5人，理科类计划为14人。录取时，学校不设专业志愿级差，内地考生高考成绩要达到本科一批录取线之上。同等分数下，学校优先录取英语成绩较高的考生。该校对考生英语成绩要求较高，自费生英语要达到120分以上；想获得奖学金的考生，英语成绩要达到130分以上。香港中大录取时不考虑加分政策，依据考生高考实际分数由高到低录取。去年，学校在京录取平均分文科类629分，理科类662分。
　　香港中大学费每年8万港币。住宿费约8000港币，其他杂费、生活费每年约需2万—3.5万港币。今年该校在京投放4个全额奖学金名额，文理各两个，只提供给第一志愿报考的考生；理工类考生高考成绩要达650分或以上，文史类考生要达600分或以上。获得奖学金的学生，将获得相当于攻读四年本科课程的学费、住宿费及生活津贴，总额约为50万港币。
　　周陈文琬提醒内地考生，学校在统招提前批次录取，与内地高校本科批次及香港自主招生高校录取不冲突，考生要结合自身学习情况及家庭经济条件报考。(记者：邱乾谋)"
教育,"专家从签名分析欧盟成员国领导人性格
　　据新华社电 欧盟成员国领导人17日在布鲁塞尔举行峰会，法国媒体借机邀请笔迹学专家通过领导人签名来分析他们的性格。尽管各位领导人签名各异，性格也不尽相同，但通过签名反映出来的有一个共同点，那就是他们都具有远大抱负，并且坚持自己的观点。
　　法国《论坛报》首先分析了法国总统萨科齐的签名，比利时笔迹专家玛丽-特蕾莎·克里斯蒂安认为，萨科齐的签名显示“表明、树立自己的观点对他很重要”，不过他也“比人们认为的那样还要更谨慎”。罗马笔迹学高级研究所主席阿尔贝托·布拉沃也认为萨科齐有着“慎重与谨慎的情绪”且“不容易赞同别人不经过小心评估就给出的建议”。瑞士笔迹学会副主席玛丽·安娜·瑙尔认为萨科齐的笔迹显示他“工作勤奋，甚至有时有点工作狂”。
　　笔迹专家还对欧盟一些主要成员国领导人的签名进行了仔细分析：德国总理默克尔的签名显示她属于“内向型人格”，“当她认为必要的时候，她会用沉默示人”；意大利总理贝卢斯科尼的签名显得“浮夸”，“他时刻准备运用魅力但绝不轻言放弃”；首次参加欧盟峰会的英国首相卡梅隆的签名表示“当自己的估算可能糟糕的时候，他有能力重新审视自己的立场”；欧元集团主席容克的签名“简单，快速而有力”，显示他“首先展现外交家风格而随后又可果断决定”；欧洲理事会常任主席范龙佩的签名“让人震惊，和他本人谦和克制的形象不符，像设计好的标签，显示他占据一席之地的渴望”。
　　至于欧盟委员会主席巴罗佐，他的签名“有着闪耀的智慧”，显示他“不是那种以蛮横方式强加于人的人，但签名落款的最后一个点则表示他想要的安全：我不会走得更远，但我想要的是这些”。(记者：刘卓)"
教育,"IDP2011年赴澳洲留学行前说明会
　　完美留学第一步！IDP最新2011赴澳留学行前说明会
　　历经重重关卡，整装待发的时刻终于来临啦！澳大利亚，南十字星闪耀下的一片美丽富饶的土地，一个多元稳定却又活力四射的国家，以其优美独特的自然风光，良好安宁的社会环境和国际一流的教育质量，吸引了无数包括中国学生在内的海外学子前来求学 ……
　　想要一次性网罗最齐全的行前信息吗？从留学理财，到住宿预订，到飞向彼岸，入境报到，到留学打工…
　　想要听听“过来人”怎么说吗？留澳海归现场分享亲身留学经历，是辛苦、是幸福、是经历？让你听到留学背后的故事！
　　想要找找同行的伙伴和未来的校友吗？
　　或者只是…想知道在澳洲留学的情况，想听听真实的留学故事…
　　都可以来IDP赴澳留学行前说明会，到场即有精美小礼品赠送！
　　北京 
　　2011年1月8日 (星期六)
　　地址：北京市东城区东长安街1号东方广场E2(东二)办公楼1607室
　　预约：010-85150798
　　上海 
　　2011年1月8日 (星期六)
　　地址：上海市淮海中路283号香港广场南座14层
　　预约：021-63907000
　　广州 
　　2011年1月22日(星期六)
　　地址：广州市天河区体育东路116号财富广场7楼会议室
　　预约：020-38932797
　　深圳 
　　2011年1月22日(星期六)
　　地址：深圳市罗湖区深南东路5002号信兴广场(地王大厦)1516单元
　　预约：0755-82125009"
教育,"海南高职专科批录取19日征集志愿
　　作为今年我省高招最后一个批次，高职(专科)批目前尚有部分学校缺乏生源。从今天中午13时至8月19日下午16时，省考试局网站将开放征集志愿系统，目前尚未被录取的线上考生要抓紧时间上网补报志愿，不要错过今年高招的“末班车”。
　　记者今日从省考试局获悉，今年我省高职(专科)批经向学校平行投档后，有部分学校尚缺乏生源，此外还有一些学校追加计划希望录取更多考生。为完成招生计划和增加考生上大学的机会，省考试局决定组织达到高职(专科)批录取分数线的考生征集高职(专科)批志愿。投档成绩未达到高职(专科)批录取分数线的考生不能填报，自行填报的，其志愿不作为投档依据。
　　征集志愿前，考生先登录省考试局网站“普通高等学校招生信息站”，查询本人的录取状态。处在“自由可投”(即考生档案尚未投给高校)状态且投档成绩达到高职(专科)批录取分数线的考生，均可根据本人所报考的科类和各类计划的招生科类，自主决定填报高职(专科)批的征集志愿。
　　处在“已经投档”(即考生的档案已投给高校)、“院校在阅”(即高校正在审阅考生的档案)状态的考生，其档案虽已投档给高校，但高校尚未最终确定是否录取。为防止在征集志愿投档前因高校退档而使本人失去录取的机会，希望这类考生也填报高职(专科)批学校的征集志愿。如果考生在征集志愿投档前已被进档高校录取，其所填报的征集志愿将不再作为投档的依据。
　　此外，高职(专科)批剩余计划和录取期间高校追加的计划在省考试局网站已经公布，考生可根据计划表选择学校和专业志愿，不列入表中的学校或专业不能填报。
　　作者：周元"
教育,"2009年高等学校全国统考(全国I卷)试题汇总
　　更多高考信息请访问：新浪高考频道 高考论坛 高考博客圈 高考贴吧
　　特别说明：由于各方面情况的不断调整与变化，新浪网所提供的所有考试信息仅供参考，敬请考生以权威部门公布的正式信息为准。"
时尚,"必学5式瘦腿健美操 夏日秀出纤长美腿
　　导读：双腿是身体的支柱，健美的腿部是女性能够“亭亭玉立”的关键，修长的腿部是女性制胜诱人的一部分，所以我们怎能轻易放弃腿部运动呢？我们一起来看看下面的瘦腿健美5招吧，让你show出修长美腿。
　　1、弹踢下压
　　① 身体站直，双腿并立，双手叉腰，两脚后跟同时离地，然后还原。此动作重复进行8次。
　　② 身体站直，双腿并立，双手叉腰，双腿跟同时内、外摆动。此动作重复进行8次。
　　③ 身体站直，双腿并立，双手叉腰，左腿向下方弹踢两次，然后换成右腿向前下方弹踢。此动作重复进行8次。
　　④ 身体站直，双腿并立，双手叉腰，左腿向左侧下弹踢两次，然后换成右腿向右侧下方弹踢两次。此动作重复进行8次。
　　⑤ 身体站直，双手叉腰，两腿分开，同时下蹲，蹲到最低点时逐渐站起。此动作重复进行8次。
　　2、摆小腿
　　① 仰撑，屈腿，左腿用力向上弹踢，踢到最高点时稍停片刻；然后放下换成右腿用力向上弹踢，踢到最高点时稍停片刻。上述动作重复进行8次，可以适量加快踢的速度。
　　② 俯撑，右腿用力向后上方弹踢，踢到最高点时停留片刻；然后放下，换成左腿向上踢。上述动作重复进行8次，可以适量加快踢的速度。
　　3、摆大腿
　　① 身体直立，两腿分开呈马步，双手叉腰。两条大腿同时向内旋，然后再同时向外旋。上述动作重复进行8次，可以适量加快踢的速度。
　　② 身体直立，左腿上抬，右腿原地跳一次，然后换成右腿上抬，左脚原地跳一次。上述动作重复进行8，可以适量加快踢的速度。
　　4、坐撑抬腿
　　① 坐在毯子上，两腿并拢，然后屈膝，大腿尽量靠近胸部，然后逐渐还原。上述动作重复进行8次，可以适量加快踢的速度。
　　② 坐在毯子上，两腿并拢，双手扶住膝盖，弯身压大腿，然后还原。上述动作重复进行8次，可以适量加快踢的速度。
　　③ 身体右侧卧，左腿屈膝，尽量抬高大腿，抬到最高点时停留片刻，然后还原。身体换成左侧卧，右腿屈膝，尽量抬高大腿，抬到最高点时停留片刻，然后还原。上述动作重复进行8次，可以适量加快踢的速度。
　　④ 身体右侧卧，左腿向侧摆，摆到极限时停留片刻，然后还原。身体左侧卧，右腿向侧摆，摆到极限时时停留片刻，然后还原。上述动作重复进行8次，可以适量加快踢的速度。
　　5、大腿踢
　　① 站在墙角边，双腿直立且并拢，右手扶墙，左手叉腰，左腿用力向前踢，踢到最高点时停留片刻，然后放下左腿，连踢6次；左手扶墙，右手叉腰，右腿用力向前踢，踢到最高点时停留片刻，然后放下右腿，同样连续踢6次。此动作连续进行，可以适量加快踢的速度。
　　② 站在墙角边，双腿直立且并拢，右手扶墙，左手叉腰，左腿向左侧大踢腿，踢到最高点时停留片刻，然后放下左腿，连踢6次；左手扶墙，右手叉腰，右腿向右侧大踢腿，踢到最高点时停留片刻，然后放下左腿，连续踢6次。此动作连续进行，可以适量加快踢的速度。
　　③身体直立，两手扶墙，上体稍向前倾，左腿抬起，用力向后踢腿，提到最高点时停留片刻，然后放下左腿，连续踢6次；右腿抬起，用力向后踢腿，踢到最高点时停留片刻，然后放下右腿，连续踢6次。此动作连续进行，可以适量加快踢的速度。"
时尚,"组图：慵懒背心长裙 给你十足的清凉夏日
　　导语： 炎热的夏天，想穿得清凉些，一条舒适的棉质背心连衣裙带来的清爽感是比冰淇淋还要可口。材质柔软舒适，触感好，让你的皮肤清爽干净，还带点休闲慵懒的感觉，给你带来十足的清凉夏日。
　　极简风的纯黑色背心长裙，柔软的棉质，垂感十足，散发出慵懒迷人的女人味。搭配硬朗的黑色鱼嘴短靴，更具时尚感。加上帅气的黑框眼镜以及一抹红唇，个性十足。
　　简洁的棉质背心长裙，使用纯净的白色，显得很干净清新，十分休闲，在阳光明媚的夏日穿上它，清凉舒适，可以尽情的放松身心。
　　雅致的条纹连衣裙，拼接缝合的设计，让条纹富有变化而不会太沉闷，外搭纯净的白色小西装，清新优雅而富有女人味，很时尚。
　　清新的黑白条纹，独特的剪裁让规矩的条纹也变得活泼了起来。轻柔的纯棉质地更显清凉感，One-piece的穿着内搭黑色legging，层次丰富，更显时尚感。"
时尚,"“由厚变薄” 疯瘦14kg完美小姐进化论
　　导语：现在有很多mm都为自己身上的赘肉烦恼不已，其中有很多的原因是因为生活习惯的问题所造成的呢！今天就针对各种发胖原因为大家整理了不同的减肥方法，赶紧行动起来，消除脂肪吧！以下的六种发胖原因和减肥方法，大家针对自己的情况行动吧！
　　一、典型干物女
　　喜欢呆在家里玩game、看漫画、上网，一点都不在意自己的身材及外型，变胖了，无所谓！反正吃得开心最重要。
　　发胖原因：好吃懒做，脂肪只进不出
　　没有持续运动的习惯，最爱吃垃圾食物和热量高的零食，在家里伸手可及的地方总是堆满了食物，还养成了“一手拿漫画、一手吃零食”的坏习惯。
　　瘦身绝招：
　　1、能走路就尽量不坐车！习惯后再慢慢增加距离，会有意想不到的瘦身效果；
　　2、降低盐分的摄取，尽量养成饮食清淡的习惯，才不会让下半身水分囤积。
　　二、爱漂亮却不坚持
　　漂亮的猫，对于美的意识比一般人都强烈，但减肥往往是三分钟热度，如果是胖在平常人看不到的地方，就懒得去改变它。
　　发胖原因：偏食造成营养失衡
　　偏食主义者，不喜欢的食物绝对不会勉强自己吃，膳食纤维不足，反而摄取了过多的糖分和蛋白质，形成发胖主因。
　　瘦身绝招：
　　1、要均衡摄取包括糖类、蛋白质以及富含纤维的蔬果；
　　2、记录自己体重的变化，另外也需补充偏食所缺乏的膳食纤维，维持肠道顺畅。
　　三、精力充沛活动派
　　个性活泼又朝气，最喜欢在阳光下挥晒汗水，比起节食，更喜欢利用运动来消耗热量，但只要热诚用尽，就容易松懈下来。
　　发胖原因：肌肉散不去，肥肉一直来
　　对于体力相当有自信，但因为长时间的运动，经常不知不觉的就摄取了过量的淀粉，让肌肉外围一点一滴地累积脂肪。
　　瘦身绝招：
　　1、不能一次吃太多，少量多餐，每餐隔4小时以上，吃六分饱就好，运动期间摄取大量水分，避免活动后的大吃大喝。
　　2、认真的减肥，就算看不出立即的效果，也会继续，但小心认真过头，丧失持久力哦。
　　四、最怕寂寞，抑郁成疾
　　抑郁的兔子，对于他人的情绪相当敏感，深怕自己得罪大家，会为了迎合别人而委屈自己，不满也绝不会表现出来。
　　发胖原因：大吃大喝舒解压力
　　下班一回到家，总是以“慰劳自己”为由，马上灌下一两罐啤酒，就算是不喝酒的人，也会为了纾解压力而大吃特吃甜食。
　　瘦身绝招：
　　1、睡前吃一两块乳酪，能让你睡得更好。
　　2、回家后立刻到浴室报道，来个放松身心的泡泡浴。
　　运动篇 放松身心，增强血液循环"
时尚,"荷叶领搭配牛仔裤 休闲时髦的女性
　　荷叶领搭配牛仔裤 休闲时髦的女性
　　搭配建议：非常简单的搭配方式，粉色的上衣加上普通的牛仔裤，荷叶领起了画龙点睛的作用。
　　搭配建议：同样是粉色的荷叶领衬衣打底，外搭一件紫色开襟毛衣和牛仔裤，休闲风格也能让人一见倾心。
　　搭配建议：白色真丝衬衣搭配橘红色长针织衫风格，更容易隐藏我们腰部的小赘肉，搭配一件浅色修身长裤，减轻了橘红色的强烈冲击感。"
时尚,"组图：偶尔来点中性风 女人也可以这样酷
　　导语：在2011春夏街头，各种五彩缤纷的着装配色是不是已经让你眼花缭乱了呢？其实无论潮流如何的日新月异，终归不变的还是经典。明星们就是最好的示范，清一色的黑白灰，想要脱颖而出，就要这样与众不同！
　　Jessica Szohr  身着灰色垫肩破洞上衣，PU皮质感Legging，搭配黑色小礼帽，酷感十足。
　　一身松垮黑色的Agyness Deyn依旧难掩发福迹象。绿色包，斑马纹鞋，展现超模的搭配功力。
　　这身搭配可以说非常完美，加上强大的明星气场，Charlize Theron 真是越来越美了。
　　筷子腿的 Karen Gillan很适合宽松针织衫，黑色紧身短裙与及踝高跟靴不但拉长曲线，更显嫩白。"
时政,"俄美总统就伊朗核问题通电话
　　新华网莫斯科5月13日电 (记者谢荣) 俄罗斯总统梅德韦杰夫和美国总统奥巴马13日在电话交谈中商定，双方将共同努力促使伊朗核问题有关六方尽快达成统一立场。
　　俄罗斯总统新闻局当天发布消息说，俄美两国领导人在电话交谈中详细讨论了伊朗核问题。双方还就中东局势等地区问题交换了看法。梅德韦杰夫根据自己刚刚访问叙利亚和土耳其两个国家的情况，阐述了对中东局势的观点。
　　双方还讨论了梅德韦杰夫将于6月下半月出访美国以及双边关系问题。梅德韦杰夫还向奥巴马详细通报了俄罗斯关于建立海盗国际法庭的倡议。奥巴马对此表示愿共同努力，建立有效的国际法机制，以解决海盗这一尖锐的国际问题。
　　奥巴马还对俄罗斯西伯利亚地区发生的矿难造成巨大人员伤亡表示同情。"
时政,"援助船搭载多国犹太人驶往加沙
　　新华网北京9月26日电 一艘搭载多国犹太人的援助船26日从塞浦路斯北部法马古斯塔港起锚，驶往加沙地带。
　　美联社报道，这艘船名为“和平女神”，船员和乘客共计9人，计划为加沙地带送去儿童玩具、医疗设备等援助物资。参与者包括来自以色列、德国、美国和英国的犹太人。
　　以色列2007年开始对加沙地带实施封锁。加沙常住居民大约150万，70%以上生活在贫困线下。大部分居民靠联合国救援物资维持生计。
　　活动组织者、英国“犹太人为巴勒斯坦人争取正义”组织成员理查德·库珀说，这次活动目的之一是告诉世人，并非所有犹太人支持以色列对巴勒斯坦人的政策。
　　82岁的犹太人鲁文·莫什科维茨在二战时期躲过纳粹针对犹太人的太屠杀。她在船上接受法新社记者采访时说，她感到自己有义务参加这次活动。
　　“(以色列)迫害、封锁加沙地带这么多民众，包括80万儿童，”莫什科维茨说，“对于像我这样的(大屠杀)幸存者来说，反对这种行为是神圣职责。”
　　以色列国防部长埃胡德·巴拉克先前警告，任何靠近加沙地带的船只都将受到以方拦截。以海军今年5月31日拦截一支前往加沙的人道主义援助船队。以军士兵登船并与船上志愿者发生冲突，致死9名土耳其人。
　　库珀说，如果“和平女神”号遭以色列当局拦截，他们不会与以方发生冲突。"
时政,"俄罗斯载人飞船计划明日与国际空间站对接
　　3名宇航员计划明日与国际空间站对接
　　据新华社电 俄美3名宇航员莫斯科时间昨日2时18分(北京时间当天6时18分)搭乘以加加林命名的俄罗斯“联盟TMA-21”载人飞船飞赴国际空间站。
　　根据俄罗斯电视台的直播画面，运载着“联盟TMA-21”载人飞船的俄“联盟-FG”型运载火箭从哈萨克斯坦境内的拜科努尔发射场升空。飞船船舱内的俄罗斯宇航员亚历山大·萨莫库佳耶夫担任飞船指令长，俄宇航员安德烈·鲍里先科和美国宇航员罗恩·加兰担任飞船随航工程师。其中，加兰具有太空飞行经验，萨莫库佳耶夫和鲍里先科则是首次飞向太空。
　　作为国际空间站新一批长期考察组成员，3名宇航员的太空之旅将持续170天。据当地媒体此前报道，他们将在国际空间站进行44项科学试验，并分别实施两次美国航天飞机和3次俄罗斯货运飞船与国际空间站的对接。此外，宇航员还将执行若干次太空行走任务。
　　按照计划，“联盟TMA-21”载人飞船将于莫斯科时间7日3时18分与国际空间站对接。届时，已在空间站值守近4个月的俄罗斯宇航员德米特里·孔德拉季耶夫，欧洲航天局意大利宇航员保罗·内斯波利和美国宇航员凯瑟琳·科尔曼将迎接新同伴的到来。"
时政,"阮生雄当选越南国会主席(图)
　　人民网河内7月23日电 (记者 刘刚)越南第十三届国会第一次会议23日下午选举阮生雄为越南国会主席，选举丛氏放(女，泰族)、阮氏金银(女)、汪周流、黄玉山为国会副主席。选举产生国会常务委员会委员共17人(含以上5人)。
　　阮生雄，男，1946年1月生，越南中部义安省人，经济学博士。1977年5月加入越南共产党，越南共产党第十届、十一届中央政治局委员。曾担任越南财政部长。2006年6月当选越南政府副总理。
　　阮生雄是越南第十届、十一届和十二届国会代表。在今年5月22日举行的越南大选中，阮生雄在中部河静省选区的500名国会代表候选人中以95%的最高得票率当选第十三届国会代表。
　　越南第十三届国会第一次会议7月21日在首都河内开幕，预计将于8月6日闭幕。本次国会会议还将在新一届国会主席的主持下，选举产生新一届国家主席、国家副主席和政府总理。审议并通过总理提名的副总理、部长人选。选举产生最高人民法院院长、最高人民检察院检察长和审计署审计长。审议并通过国家主席提名的国家国防与安全委员会副主席及委员人选。
欢迎发表评论我要评论"
时政,"台当局中文译音改用汉语拼音
　　中新网9月17日电 据台湾《联合报》报道，台湾当局“行政院”“跨部会会议”昨天通过台当局主管部门的提案，调整中文译音政策，改采汉语拼音。即日起，台当局的各项补助活动，若有涉及中文英译的部分，都将要求采用汉语拼音，否则不予补助。
　　台当局“政务委员”曾志朗昨天主持“行政院国际生活环境推动小组”第一次会议，台当局“教育部在会中提案，主张基于与国际接轨及提升国际竞争力等角度，提议将中文译音改采汉语拼音。
　　台当局“教育部“在会中指出，中文译音政策采用通用拼音，执行六年来，紊乱不一，“中央”单位及县市政府采用通用拼音的占百分之六十八，不少单位认为推动通用拼音有困难。台“教育部”认为，现今联合国及全世界图书馆均采汉语拼音，改采汉语拼音，可与国际接轨，有利台湾走入国际舞台，营造优质国际生活环境。
　　不过，台“教育部”担心，中文译音采通用拼音政策实施六年，已投入大量资源，一旦改采汉言拼音，庞大的社会变动成本将成反对主因，造成外界质疑，而模糊拼音国际化的良善立意。因此，台“教育部”希望寻求“部会”及县市长支持，研拟降低更改拼音成本的配套措施，并向外界说明改用汉言拼音的效益和好处。
　　会中相关部会都支持采用汉语拼音，曾志朗裁示通过提案，并要求台“教育部”尽速修正“中文译音使用原则”由通用拼音改回使用汉语拼音，并速报“行政院”核签。
　　由于采用汉语拼音的政策已正式通过，今后台当局所有官方网站若涉及中文译音的部分都将开始改用汉语拼音，而台当局对“地方”的补助，若有涉及中文译音的部分，都将要求采用汉语拼音才予补助。
　　为减少采改汉语拼音的阻力，台“教育部”建议过渡时期采汰旧换新、仅修改部分译音或大宗采购等方式，避免严重耗损公家经费。而且为寻求“地方”及“部会”的支持，改采汉语拼音项目所需的经费由台当局统筹调度。
　　台“教育部”强调，为避免采用汉语拼音被操作成“台湾主体性与国际性”或“统独政策”的意识形态争论，“政府”应加强倡导无关意识形态，采用汉语拼音不应与统独或认同对岸划上等号。
　　另据报道，台“行政院”“跨部会会议”昨天政策决定，中文音译舍通用拼音，改采汉语拼音。根据台“教育部”的项目报告，绿色(民进党)执政的高雄市政府也建议改采汉语拼音，可见用汉语拼音无关意识形态。
　　台“教育部”昨天提出“中文译音推动情形”分析报告，调查指出，遵守民进党政府政策采用通用拼音的机关，有百分之十九的机关在推动时遇到困难，窒碍难行的项目主要在地政、观光等。就连绿色执政的高雄市政府都提出拼音系统须与国际接轨，建议改采汉语拼音。"
星座,"天机星一周事业运提醒(图)
　　天机星：★★★☆☆
　　职场运
　　本周易受到情绪的影响，工作费时费劲，但收效甚微。觉得不顺时，不妨和长辈或贴心人聊聊，他人的一句贴心话都有可能让你茅塞顿开！
　　学业运：
　　上半周学习压力较大，特别是对数理化的学习，感觉较吃力，应多向成绩优异的同学请教。下半周运势有上升的趋势，有机会得到老师的耐心辅导。
　　压力指数：35%
　　贵人主星：天机星
　　小人主星：破军星
　　开运色：日光黄
　　相关推荐：命格详批升级版 姓名恋爱配对 紫微事业命盘 前程何时会旺"
星座,"最易成过气剩男的星座(图)
　　魔羯座
　　稳健而踏实的魔羯座，只有在低调的时候才不讨厌女生。他们爱上一个人的原则是：在相处中慢慢培养感情。然而他们性格中有一点藏的比较深：就算遇到再喜欢的女孩子也不会采取积极地追求行动。原本对恋爱就充满浪漫幻想的女孩子，谁还愿意倒追男，就算女追男隔层纱。现实是社会开始往男多女少的方向发展，僧多粥少的情景都可以预见！长此以往，魔羯男非得混到个荣誉光杆将军！
　　水瓶座
　　自由而随性的水瓶座，周遭的很多事情都是值得他们的猎奇心去争取实现，所以水瓶座生活中最重要的部分就不一定是爱情。他们的抱负都超过爱情很多。他们的魅力往往体现在很多的猎奇活动中。虽然这样会受到很多女孩子的青睐，但是即便这样有什么用呢？很少有女孩子能够包容这样的男朋友：爱自己比爱别人更多！
　　射手座
　　单纯而孩子气的射手座，遭人爱却也是花心得要命的星座。由于他们很单纯，有孩子气，才使得他们在面对女生的时候，并非是男女间的情爱，更多的像是玩伴间的友谊，反正给旁人的感觉都是模棱两可的，有时射手也不知道自己跟她们到底是什么关系哦。但是性格热烈而充满激情的射手座，身边的异性玩伴肯定就会超多，而真正有可能发展为女友的甚少！
　　双子座
　　多情而花心的双子座，列入易成过气剩男的榜单也许有点委屈，但转念一想，有花心大萝卜美称的双子，有多少时间处于稳定的恋爱中呢？双子男生性就飘忽和游弋，总是爱上玫瑰又喜欢蔷薇，这样的他们怎么会一次就解决恋爱问题呢？所以双子男的旁边总是有很多可爱而漂亮的女生，却不会真正愿意长久陪伴在他们身边，顶多就是红颜知己罢了。
　　处女座
　　完美而小气的处女座，实在是完美得没话说，他们不但要求自身完美也会要求别人完美呢！陷入爱情长跑是他们的性格所致，到最后要么就孤单一个人。人曰：金无足赤，人无完人，有多少女孩子可以符合他们的高标准呢？即便是遇到心仪的女孩，倘若在一段时间后发现其身上的小缺点，双子就会觉得不爽。如此而来，变成单身也就是很正常啦！"
星座,"处女座2010年度爱情运势
　　爱情方面，单身的处女座可抢手的很，说是人见人爱一点儿也不为过。处女座的人对爱情很细腻敏感，而表现出来的特质，受到身心影响很大，对异性吸引力十足，不知不觉就能很自然地在举手投足间放电。但若换了一个情境，在孤独的环境或缺乏爱情滋润的状态下，表现出来的样子就有了一百八十度的不同。在这情绪能够左右你表现的时候，也免不了会造成一些失去了自我的不舒服感受，这是2010年你恋爱的罩门，为了避免选错或内心担忧，所以解决方法是在二○一○年，建议你找一些工作以外的课程，让你在心灵上得到一种充实的满足感。你的桃花高峰期会发生在三月份、六月份、以及十月份。
　　超级桃花日：每月14日、26日
　　金钱旺旺日：每月12日
　　超幸运时尚搭配：棕色系部落风格宽大手环
　　给处女座男生的小叮咛：
　　将有不必要的纷争与负面困扰消耗你的精力。约会很美好，但你会开始筛选，想要提升你爱情与社交生活的质量。所以今年你的约会和朋友将减少，但质量会较好。
　　给处女座女生的小叮咛：
　　你的爱情与社交生活是活跃的！但极具挑战！单身者会因为想要或另一种生活，也可能会快速步入礼堂。如果你有交往中的对象，你会想要寻求更大的进展。"
星座,"巨门星12月爱情运势(图)
　　[巨门星]
　　心思细腻的巨门星，本月容易胡思乱想。对一些流言和闲语特别在意，而有过多的情绪反应，总得等对方费心解释后，才肯跳脱幻想。要小心另一半渐渐会对没有意义的解释感到无力与厌烦而渐行渐远。
　　桃花运：☆☆☆☆ 80分
　　姻缘运：☆☆☆   62分
　　告白运：☆☆☆ 　68分
　　搭讪运：☆☆ 　　52分
　　幸运色：金黄色
　　幸运方位：西南方
　　相关推荐：爱情缘份 奥巴马爱情奇迹 你等到爱情十年了吗 12月衣装色彩开运"
星座,"最懂得自娱自乐的星座(图)
　　宋人方岳诗：不如意事常八九，可与语人无二三。悲观的人选择用放大镜放大悲伤，人生乏味，强颜欢笑；乐观的人选择用放大镜放大快乐，人生精彩，喜笑颜开。那么12星座中，谁是懂得自娱自乐生活的后者呢？
　　NO.1 射手座
　　对于玩乐，射手是很随兴的，不挑人、不管时间，也不在乎场所，犹如文人信手拈起的神来之笔、大厨恣意搭配的绝妙手艺，如此地浑然天成，而且不仅自己玩得尽兴，还能把现场气氛炒得热闹非凡，只要射手想让自己心情高兴一下，没有什么办不到的，真是名符其实的乐子王，当你情绪低落的时候，建议找下你的射手座朋友，准没错。
　　NO.2 白羊座
　　能令白羊玩得开心的原因只有一个，那就是让他们的心情维持在高档不坠，至于旁人的配合度好不好、大家的意愿强不强，这些都不重要，因为白羊一向只管自己爽不爽快，对于其他人的情绪和想法并不在乎，简单地说，白羊只要兴致来了，一个人也能玩得不亦乐乎，用一句流行的话来说就是：自娱自乐自己的，让别人去悲伤吧。
　　NO.3 水瓶座
　　水瓶的世界不太与他人有交集，颇有你走你的路、我过我的独木桥的意味，即便是玩乐也一样，他们有自己喜欢的玩法，别人不见得认同，本身水瓶也无意让其他人了解，甚至觉得非我族类不加入更好，也省去了彼此相互适应的麻烦，搞不定到时候还会意见不和，产生纠纷，扫了玩乐的兴趣，倒不如自己无拘无束、放荡不羁的玩耍吧。
　　NO.4 双子座
　　双子反应快、见多识广，随便都有能从脑子里抓出好几个玩乐的方法，而且每一样玩起来都有不同的乐趣，再加上他们强调的是机动性，常有不按牌理出牌的玩法，再者，双子们不喜欢那种一成不变的玩法，曾经玩过的就不会有兴趣，他们会尝试着更换方法让自己玩到尽兴，所以，似乎自己一个人玩比大伙儿同乐更能尽兴痛快，自娱自乐最快乐！
　　NO.5 狮子座
　　基本上，狮子是爱热闹的，若能找到一群人同欢是最好不过的，但他们心里其实也明白，王者终究只有一个，王者也应该有自己特有的王者风范，当大家无法配合时也要懂得自己找乐子，想办法让生活仍保持在多彩多姿的状态。好强的狮子是很擅长于在情绪低落的时候找些乐子来调节一下，快乐如影随形是他们的宗旨，自娱自乐无处不在！"
游戏,"《梦幻天劫》随心所欲我有我掌控
　　惊险刺激的副本一天玩几次才算过瘾？《梦幻天劫ol》打破以往束缚的枷锁，全新推出副本钥匙，一天多达5次的进入机会，带给你绝妙无比的激情感受。同时尽职尽责的“副本情报员”NPC还会随时记录你每天进入副本的次数，方便查询进入。如此贴心周到的服务你也想一同感受？那就马上加入《梦幻天劫ol》的世界尽情享乐吧！
　　《梦幻天劫ol》的世界里最近流传着这样一句话：“我不是在副本中就是在去副本的路上”，由此可见广大玩家对副本的狂热之情。全新副本钥匙的推出，更是为喜欢挑战极限的刷副达人们开启更多狂欢的机会。超爽作战乐趣，翻倍掉落奖励，拥有神奇魔力的副本钥匙为你一一呈现。
　　沉浸在游戏乐趣中的你，是否有时会忘记今天一共跟副本有过几次亲密接触？别担心，临安城的“副本情报员”NPC会尽职尽责的帮你记录每天进入副本的次数。只要找到他的身影，你便可随心所欲的查询当日的活动次数，提早安排更多充满冒险气息的激情挑战。
　　中国第一恋宠回合手机网游：《梦幻天劫ol》
　　《梦幻天劫ol》由空中网旗下知名手机游戏开发商天津猛犸在2010年震撼出品，是中国第一恋宠回合制大型手机网游。游戏以“射雕英雄传”为背景，具有浓郁的武侠氛围，其最大亮点是精心设计近百种可爱、搞怪、霸气的宠物，它们类型千变万化，玩法多样，可变异、可生育、甚至可学习多种绚丽技能、配备极品装备，强大的宠物是玩家居家旅行必备的贴心伙伴。不仅如此，《梦幻天劫ol》的精美人物造型和近百张美轮美奂的场景也会给玩家的游戏生涯带来全新体验，独特的装备系统可将玩家打造成一个开天辟地的英雄人物，新颖的装备强化方式能让玩家与众不同，并随心所欲的打造属于自己的装备。在各大门派高手云集的世界里，拉上你的朋友，带上你的宠物，去打下一片属于自己的天地吧！
　　短信下载：编辑手机短信""komt""发送到02123330768，《梦幻天劫online》中国第一恋宠回合手机网游，注册送大礼！
　　手机下载：http://g.ko.cn/gk/mtwap"
游戏,"水陆空全面来袭天下贰避暑乐园新玩法
　　七月，在China Joy的喧嚣声中渐渐淡去，八月悄然而至。眼看一年一度的暑假已然过半，但玩家对于《天下贰》的热情却依然高涨：《天下贰》极爽夏日版为玩家们量身打造的休闲型三维避暑乐园玩法，在正式推出后赢得了新老玩家的一致好评：对于想要在《天下贰》中安度盛夏的玩家而言，极富生活趣味的三维避暑乐园玩法，不仅涵盖水、陆、空三类游戏空间，更让玩家在惬意的休闲游戏体验中，获得海量游戏经验与技能点！
　　休闲玩法大升级 水陆空全面来袭
　　《天下贰》三维避暑乐园，不仅仅是对传统休闲娱乐玩法的一次全面升级，也是主创人员对大荒世界的一次深入挖掘：“海边垂钓”、“陆地栽树”和“飞檐走壁”三大玩法将《天下贰》的水、陆、空三类空间完美地呈现在玩家眼前，让玩家得以在悠然垂钓、栽种树木、高空历险的同时，还能够从不同的角度重新审视这美轮美奂的大荒世界。
　　甜幂礼包倾情赠 新手成长有特权
　　作为陪伴《天下贰》共同成长两年的代言人，杨幂如今已是红遍大江南北，但她对《天下贰》的热爱，却从未消褪。而从“云麓小师妹”到“幽州公主墨姬”，再到如今的“流光城主”，杨幂还一直在以独特的方式，向每一位《天下贰》玩家表达自己的殷切关怀。
　　而为了让新手玩家能够尽快地成长起来以体验精彩游戏内容，杨幂在今夏特别化身为新手大使，向诸位新手玩家献上了珍贵的“甜幂大礼包”——礼包中的甜幂钓竿、甜幂鱼饵、神幂焰火以及轻功心法幂卷等多种精美实用道具，将极尽一切可能帮助玩家在游戏中迅速成长！
　　活动抽奖送惊喜 中奖概率百分百
　　从论坛日常活动的游戏点卡到全国竞技赛的奔驰Smart，《天下贰》给予玩家的奖励从来没有令人失望过。在此次《天下贰》极爽夏日版的暑期活动结束之后，官方将对所有积极参与活动的玩家进行数码礼包大抽奖：届时，各位《天下贰》将享有均等机会抽取包括iPad、iTouch等在内的惊喜数码大奖！而且，此次抽奖不设空奖，以保证所有参与抽奖的玩家，都能够百分之一百地获得奖励！
　　关于《天下贰》
　　《天下贰》是网易历时6年，耗资过亿开发的国内第一款绿色免费3D网游。她以女娲补天等上古神话故事为背景，以雄关蜀道等中华地理风貌为蓝本，处处充满浓郁的中国元素。玩家在游戏中，可以体验灵兽养成、元魂幻化等中国特色的创新玩法，并领略以中华副本和野外Boss为特点的PVE玩法和以战场、势力战、城战为代表的PVP玩法。在《天下贰》构建的虚拟社区中，玩家或标新立异不同凡响，或行侠仗义行走江湖，或号令众人攻城夺寨。"
游戏,"走近雷霆研发：MM揭秘场景设计的秘密
　　年度奇幻穿越巨作《雷霆》在6月29日开启了不删档封测。而许多之前万众期待的内容，比如股票系统、特色职业野蛮人、神翼系统等，也终于呈现在大家面前。《雷霆》万钧，剑舞魔穹！如此霸气凌人的作品，你绝然想不到其背后竟然会有一群行业罕见的研发MM为之倾注心血。为了让你更加了解游戏幕后更多精彩内容，今天的“走近研发MM”专题，被同事们誉为“造梦师”的美女将带大家一起揭秘《雷霆》中场景设计的秘密。
　　大家好，我是来自《雷霆》场景美术部的阳阳，很高兴在本期和各位玩家隔空交流，O(∩_∩)O哈哈~
　　相信大家经过了将近一个礼拜的试玩，对《雷霆》有了一个比较直观的了解了吧？其实我这两天也在纠结服务器不给力而经常维护的事情。《雷霆》是我们公司第一部崭露头角的游戏，对于联游来说什么都是第一次，因此在有些方面出了一些问题。但是现在全公司各个部门都在全力的解决，很快就可以给大家一个稳定的《雷霆》了。所以童鞋们耐心等等啦，好戏还在后头哦！
　　我的工作是负责设计游戏地图中的物件摆放(树木、房屋、地表还有雾色等)。没想到吧？作为一个纯姐们，我居然能做出《雷霆》硬朗的暗黑风格场景。其实对于美的事物来说，无论是硬朗系还是柔美系阳阳都是很喜欢的。为了让自己的设计符合玩家的需求，阳阳时常和策划(比如上一期的大美女玫宝同学)沟通创意和想法。我也会通过各种途径和玩家讨论他们喜欢什么。对于阳阳来说，只要玩家喜欢，无论修改多少次，加班再晚，都是值得的。
　　我的同事时常把我叫做“造梦师”，其实我还很喜欢这个称呼的。设计一个地图场景就像给千万个玩家造梦一样。现在进入游戏，我就喜欢去我设计的地图默默地站在一个角落偷笑。(哈哈，自恋了捂脸~)
　　工作的时候我通常要加班到很晚。但是繁忙的工作之余，我依旧能够感到幸福。每天回家室友给我准备好了热饭热菜；当我需要帮助，我的朋友会伸出援手。我爱你们，也将把自己的快乐带给每一个人。
　　好了，由于空间有限，今天我们先聊到这吧，关于我的工作还有生活更多信息，请点击进入我的“走近研发MM”专题页面吧。最后，希望大家能喜欢《雷霆》，也希望大家能够谅解我们在不删档封测时候出现的一些问题。公司会保证在公测时为大家带来一个更好的《雷霆》的。
　　《雷霆》拥有无比恢弘的背景故事，以及神翼、野蛮人、股票系统等特色内容。不删档封测已经火爆开启，研发MM将引领你穿越斯巴达、古巴比伦等经典世界，高智商的奇异怪物、全新的地下城副本将逐一亮相，神奇希雅大陆背后的终极秘密也会随之揭晓。更多精彩，请关注官方网站的最新资讯。
　　《雷霆》七宗最：
　　最新奇幻穿越巨作：高效引擎最新打造，健康色彩超3D感官体验，复活众多经典史诗；
　　最流畅的游戏感受：轻量级客户端十分钟闪电下载，零门槛低配置超爽体验，永不迷路；
　　最特色的游戏玩法：信仰抉择、独创神翼、地下城勇士、挂钩现实股票，颠覆常规游戏玩法；
　　最令人神往的地下城：怪物BOSS云集，暗藏诸神宝藏；惊心动魄的考验，尽享群刷之畅快；
　　最酣畅淋漓的PK系统：十二大进阶职业上百种超炫技能，PK、竞技场、公会战无处不精彩；
　　最独具匠心的装备系统：多途径获取极品，平民也有神器；雷霆圣衣彰显个性魅力；
　　最穿越经典的暗黑网游：画面暗黑，职业暗黑，承袭经典，浓缩十年网游大作精髓！"
游戏,"《九州online》辉煌盛世14日盛大公测 
　　九州Online两周年新资料片“辉煌盛世”将于2010年10月14日12时开启震撼公测。全新精彩内容以及狂欢活动，让所有玩家都将充满无限惊喜。每天每时都有精彩活动让你开心倍至！同时丰厚奖励更让你疯狂不已！
　　全新的副本，全新的套装，全新的家园都将给九州世界带来前所未有的震撼，资料片启动的同时也将开启新的服务器，让我们拭目以待九州这次重大的变革，让您的手机从此不在枯燥，生活娱乐也更加随心所欲！掌中世界的革命从《九州online》开始。
　　10月14日“辉煌盛世”正式开启后，新系统以及庆典活动都让你热血沸腾，征战天下，所向披靡。英雄红颜大展宏图的时刻，一切在这里只能化作一句话——“辉煌盛世”，问天下谁与争锋。
　　让我们一起倒计时，共同见证九州online跨时代的飞跃！新资料片“辉煌盛世”众多精彩内容会陆续上线，敬请期待。一切从心开始，打造国内最具人气的手机网游精品——辉煌盛世。
　　感谢广大玩家对《九州online》喜爱与支持！
　　《九州online》官方网站：obmgame.com"
游戏,"《最终幻想13》英国杂志扫图（组图）
　　“史诺总是扮成一副目空一切自鸣得意的德行”，战斗服很好很强大(左边那位)：
　　这张重要人物说明有必要汉化一下：
　　莱特宁(Lightning)
　　前Cocoon战士，看成是女版克劳德就对了，能将重力场玩弄于指尖；身高5英尺10英寸(1.77米)，yeah，不用踮脚尖就能亲到你，抬膝盖就能顶到你的小弟弟(lol)
　　瓦尼娜(Vanille)
　　尽管世道艰难，这个扎着马尾辫的女孩却总是一脸阳光，据称她其实“心理负担很重”，嗯，俺们这旮瘩的怀春少女个个如此。
　　萨斯(Sazh)
　　莱特宁的前战友，虽起初对她的想法有保留但仍无怨无悔地帮她，配双枪且揣着一只陆行鸟幼崽。
　　史诺(Snow)
　　设计人员管他叫三把半(Mr 33cm)——还好我们不用太自卑，说的是他鞋子的尺寸。擅长冰系魔法，最终会与莱特宁并肩作战且还要保护瓦尼娜——叫他如何忙得过来我们拭目以待。
　　扫图者发现OPM杂志缺失了该文最后一页，相信是杂志付印前接到通知临时抽起该页，也许史克威尔不想在试玩公布前剧透。"
社会,"中介女员工店中遇害 现场锤子疑为凶器
　　本报讯 （记者展明辉）前晚11时许，在昌平区回龙观鑫地市场的一家房产中介公司内，一名女员工被发现倒在血泊中，不治身亡。目击者称，警方在现场发现一把疑为凶器的锤子。目前，案件正在调查中。
　　保安称事发前未有异常
　　事发房产中介公司名为纳普，其在鑫地市场西门内开了一家近百平方米的分店，用来销售平时收房时剩下的电器和家具。
　　市场保安回忆，前晚11时许，纳普的工作人员报警，称该店一名女员工遇袭。随后，大批民警赶到。民警在确认伤者已经死亡后，立即封锁了现场，并开始勘查。“出事前，没有发现异常的情况。”有保安称。
　　目击商户称，死者着深色毛衣，躺在办公桌前，身旁有不少血迹。随后，民警还在店内发现一把锤子。“听说那就是凶器。”商户称。
　　据商户们表示，警方调查期间，死者的妹妹赶到，确认了女尸的身份。商户转其妹妹的说法称，姐妹两人来自湖南，在北京打工近两年，分别在纳普不同的店工作，租住地就在附近的马连店村。
　　知情的商户称，事发的中介店铺，平时下午5点多就关门了，出事的女员工大约在晚上7点半至8点，吃过晚饭后返回单位的。“听她妹妹说，（死者）是准备在市场关门停电前，把手头上剩的一些工作做完。”
　　其他店铺告诫员工提高警惕
　　据附近中介公司员工称，出事店铺只是做二手货物生意，他们平时没有往来。他们判断，嫌疑人可能与死者认识，或是以看货为名，入店进行抢劫，遭遇反抗后将其杀害。
　　“快过年了，我们现在都非常小心。”多家中介公司负责人表示，由于春节前遇险几率上升，他们都要求员工提高警惕，禁止女中介晚上独自带客人看房。“如果一定要去必须有男同事陪伴。”
　　昨晚，纳普中介公司一名分店负责人证实，死者为该公司的员工。他表示，目前，警方正在调查中，具体情况不便透露。
　　昌平警方未透露具体情况。"
社会,"便利店店主称拆迁时被城管打伤 对方否认(图)
　　金黔在线讯 昨日上午11时许，贵医附院门口一拆迁现场，店主与城管发生冲突。然而在采访过程中，双方却各执一词：便利店店主称城管打人，属于野蛮执法，而城管人员则表示，执法人员没有打人，完全是依法行事。
　　城管：没有打人，只是拉扯而已
　　下午13时许，便利店店主史先生致电本报热线96677称，上午11点过，在拆迁门面时，被10余名城管人员打伤。接报后，记者立刻赶往事发地进行采访。
　　在现场，记者看到贵医附院门前立有一台挖掘机，正在对路边的两家门面进行拆迁，路边零散堆有一些柜子和一些副食品，周围站有10余名城管人员和一些保安人员。
　　“刚才有市民举报说这里发生打架事件？”在现场，记者询问了云岩区城管大队的一名工作人员。“没有打架，只是拉扯而已。”该工作人员说，他们正常执法，可是店主不配合，有3名妇女赖在屋里不愿意出来，为了安全起见，他们劝说了2个多小时也没效果，后来，他们只有让几名女同事进去，把3名妇女拉出来，其中确实有拉扯，但并不是打架。
　　随后，在贵乌路派出所里，云岩区城管大队一名周姓工作人员告诉记者，他们完全是按照程序办事，整改通知书周一就已经递交给店主了。之后，工作人员也前往劝说，好像是店家与医院还没有达成协议，所以店主一直没有搬出去。拉扯过程中，可能会出现一点擦伤，但是绝对没有发生到打架的地步。
　　“有时我们在执法过程中，常常遇到尴尬的事情。”另一名工作人员说，就在拉扯过程中，有一名妇女高呼乱摸，耍流氓，让他们工作无法进行。
　　店主：如果城管没打人，这些伤从哪来
　　就在采访过程中，刚录完笔录的便利店店主史先生从警卫室里走了出来。他对记者说，当时他们愿意配合执法人员工作，只是有一个要求，希望执法人员帮他们把医院领导叫出来，因为他们是医院的职工，想确定一下拆迁后医院能否给他们安排工作，就因为这事，他老婆3人才不愿意出来。
　　随后，城管的几名工作人员强行把3人拉了出来，“被拉出来后，我只是说了一句你们不要乱摸。一群人就把我围住，你一脚他一拳，连我的皮带都被他们扯掉了。”史先生说。
　　“你看看他的手和衣服，如果城管不打人，这些伤从哪来？这衣服怎么会被扯烂？”另一妇女指着史先生的衣服说。随后，记者认真一看，史先生除了衣服裤子被扯烂之外，脖子、鼻子、手腕均能看见血迹。
　　目击市民：现场乱成一团
　　16时许，当记者再次赶往现场采访时，在医院门口卖水果的四、五名目击者对记者说，当时男子的皮带被城管人员扯掉了，还露出了半边屁股，在押上车时，男子的双手是被扭到后面的。
　　在附近卖烤洋芋的一妇女则说，当时只见20多名身穿制服的人围着一男的和几名女的，期间只听见叫骂声，现场一片混乱。
　　随后，记者又前往医院保卫科进行采访，对于上午发生的打架事件，一工作人员称，他们并不知情，只知道有城管在那进行门面拆除。"
社会,"保安酒后持仿真枪威胁殴打歌厅陪唱女和路人
　　晨报讯(记者 武新)先在歌厅持仿真枪威胁殴打歌厅陪唱小姐，后又持仿真枪恐吓路人，并抽出金属甩棍殴打。昨天，记者获悉，西城区检察院以寻衅滋事罪对周某批准逮捕。
　　31岁的男子周某是北京一家典当行的保安。2011年9月15日晚，周某酒后到西城区一歌厅继续饮酒，遇到歌厅陪唱小姐柏某。二人因此发生言语冲突，周某一气之下拿出背包里的仿真手枪顶住柏某的太阳穴，扇了柏某三个耳光，后被劝开。走出歌厅的周某看见男子任某和女友在护城河旁，就拎着仿真枪冲上前去恐吓。后枪被打落在地，周某便抽出随身携带的金属甩棍继续追赶任某，对其进行殴打。
　　后来，民警在丰台区一家洗浴中心将嫌疑人周某抓获。周某到案后供述说：“我当时就是喝多了，故意找茬，换别人在那儿，我一样过去骂他。”"
社会,"男子闹市举牌声称为身家百万艾滋病女征婚(图)
　　3月28日，武昌中南商业大楼前，一青年男子手举一块广告牌，声称为身家百万的艾滋病女患者征婚。举牌的男子自称姓钟，在武汉办了一网站。该“艾滋女”以9.7万元租下了他网站的首页，要求专门为她做征婚广告，还要求他在中南大楼前举两天的征婚广告牌，她每天给网站1000元的报酬。
　　记者打开该网站，看到网页正中有一自称艾滋女的征婚广告。文中称，该“艾滋女”28岁，武汉人，本科学历，在汉有两套房子，个人存款百万元。她希望在余生里找一个有爱无性的男子为伴，婚后一个月可公证遗嘱，将百万财产赠与丈夫。可她没留下别的联系方式，仅表示通过网站邮箱与其联系。
　　28日下午，记者再次找到钟某，询问艾滋女的联系方式，他称对方不便泄露任何个人信息；记者提出对方付费9.7万元，可否提供银行的票证查看，钟某也称不便提供。
　　有市民认为，此举可能是网站的自我炒作。据《楚天都市报》"
社会,"脑瘫女孩怀孕主持论坛节目鼓励他人(图)
　　本报11月2日报道了吉林小伙姚琪在网络上与九江脑瘫女孩王志宏相识并相恋，不远千里来到九江，与王志宏结婚的故事后，在社会上引起了极大反响。一个多月过去了，他们现在生活得怎么样？13日，记者再次走进姚琪与王志宏简陋的家中。
　　脑瘫女孩成为自强榜样
　　开心主持网络自强节目
　　13日上午，记者走进姚琪与王志宏在九江毛纺厂租住的简陋家中，桌子是旧的，柜子是旧的，沙发是旧的……新房里没有一件新家具。唯一算是“高档”的家具，是一台旧电脑，王志宏正在新浪网UC自强人论坛上主持节目。“欢迎大家来到自强房间，希望每个朋友在这里能找到知心朋友，从此我们拥有快乐、温馨，拥有知己……”，听到这样优美的声音、清晰的谈吐，没见面的人不会想到，王志宏会是一个脑瘫女孩。而此时的她，面带微笑，坐在一张自制的木轮椅上，用变形萎缩的指关节和仅有一根能动弹的右手食指来敲打键盘，自信而美丽。
　　失意者上门求助
　　王志宏告诉记者，她的故事经本报报道后，又有多家省内外媒体跟进采访她，在社会上引起极大反响。就在记者采访时，一名在感情上陷入苦闷的少妇冒着寒风冷雨，专门从庐山区新港镇找到王志宏的家。“看了你们的报道后，我非常感动，我现在心里很苦闷，特意来王志宏家，也许她能让我心情豁然开朗。”这名新婚少妇对记者说。王志宏告诉记者，现在，通过网络、电话和她谈论生活的人非常多，其中很多都是在事业上、爱情上的失意者。“我总是对他们说，上帝对每一个人都是公平的，你在这方面有所失，就会在另外一方面有所得。就像我，虽然患了脑瘫，但却让我找到了一个好丈夫。很多人和我交流后，很快就会走出生活的阴影，勇敢地去面对生活。”王志宏欣慰地笑着说。
　　怀孕让王志宏喜忧参半
　　丈夫非常体贴
　　谈起自己和姚琪的婚姻生活，王志宏的脸上飞起了幸福的红晕。“他对我非常关心、非常体贴！”王志宏告诉记者，每天清晨，姚琪早早就起床，做好早饭后，再喊醒王志宏，为她穿好衣服，为她洗好脸，梳好头，照顾她吃好早餐，然后自己才去上班。晚上姚琪一回家，就又和岳父岳母抢着做饭、拖地、洗碗，一刻也不闲着。
　　王志宏要做母亲
　　“我怀孕了！”当王志宏告诉记者这个令人惊讶的消息后，记者简直不敢置信。王志宏告诉记者，发现自己怀孕后，王志宏又惊喜又担忧。惊喜的是自己从小在轮椅上长大，居然还能怀孕，还能做母亲，这让她非常激动；担忧是她通过查询得知，像她这种情况，要把孩子生下来，从怀孕到生产，从孩子到大人，每一个步骤都存在着巨大的危险。“而且，像我们目前这种经济状况，即使孩子平安生下来，医疗费、抚养费等，也是个大问题。”说到这里，王志宏的笑容没有了，脸上多了几分忧愁。但很快，笑容又重新在脸上绽放。“只要我们同甘共苦，什么困难都难不倒我们的！”
　　■首席记者曹诚平文/图"
科技,"超广角蔡司镜头 索尼W530仅售1168元
　　【PConline北京站 行情】索尼W530是一款携带方便，时尚小巧的DC。拥有1410W像素，4倍光学变焦，26mm-105mm超广角卡尔蔡司镜头，并且搭配了扫描全景功能和光学防抖功能，其表现十分出色，8月27日北京报价是1168元，现在购买还免运带票，有兴趣的朋友可以关注一下。"
科技,"冲击国庆新婚市场 五款超炫红色洗衣机
　　硕果累累、秋高气爽，正是一年中最美好的时节，所以恋人们通常都会选择在国庆节期间完成自己的终身大事。如此一来，十一婚庆市场竞争也就变得十分激烈。
　　家用电器向来是新婚一族选购清单中最重要的货品，而各家电销售厂商通常会借此良机推出自己的全新产品以及降价促销政策来刺激消费者进行消费。
　　今天笔者就为大家介绍几款适合新婚夫妇使用的红色外观洗衣机，喜庆的外观加上人性化的程序设计，必定会为您的新房锦上添花。"
科技,"必备广角头！佳能16-35mm跌至10300元
　　
　　泡泡网上海分站10月29日 作为一款颇受关注的广角镜头，佳能EF 16-35mm F2.8L II USM整体性能表现相当不错。其采用了2片UD超低色散镜片以及3片非球面镜，优化的镜片镀膜和镜片位置有效抑制鬼影和眩光。圆形光圈带来出色的焦外成像，环形超声波马达、高速CPU和优化的自动对焦算法使对焦安静快速准确，实现全时手动对焦功能。镜身具有出色的防水滴防尘性能，光学系统全部采用无铅玻璃，装备了新开发的82mm口径保护滤镜。
　　从型号命名上我们也可以看出，EF 16-35mm F2.8L II USM镜头是佳能EF 16-35mm f/2.8L USM镜头的升级版。虽然从焦距上没有任何变化，但在一些细节部分改进颇多：镜身整体重量则比上一代产品增加了35克左右，镜头滤镜口径也由之前的77mm增加到了82mm，不过，改变最大的是该镜头的内部光学结构，总共12组16枚的镜片中使用了2片UD超低色散镜片以及3片非球面镜，能够有效地修正畸变，提高画质。目前这支镜头报价为10300元，价格还是很不错的，需要的朋友可联系文末商家。■
　　佳能(Canon) EF 16-35mm f/2.8L II USM
　　[参考价格] 10300元
　　[商家名称] 捷顺数码
　　[联系人员] 庄记城
　　[联系方式] 021-53028639，13681961476
　　[联系地址] 上海市鲁班路288号星光摄影器材城一楼23号
　　[报价查询] 镜头产品报价佳能(Canon)镜头产品报价"
科技,"纤薄轻巧 iPod touch4(64G)售3198元
 【7月8日太平洋电脑网西安讯】苹果iPod touch 4(64G)具有很强的可玩性，Game Center应用程序可以让in邀请更多玩家加入你的游戏网，不仅能播放音乐，而且会根据你的一首至爱金曲，在资料库中找到与之风格相信的其他歌曲，摇一摇iPod touch随即换取，让你的音乐插上翅膀。现在促销卖3198元，喜欢的朋友可以考虑一下。"
科技,"电子政务：服务型政府渐行渐近
　　本报记者 霍娜
　　如果你现在去江门、佛山等地的政府办事大厅办理事务，迎接你的将是热情的笑脸和高效、周到的服务。过去门难进、脸难看、事难办的老三样儿，伴随着服务型政府建设的推进一去不复返了。电子政务系统、大厅的摄像监控、一人一事的服务满意度评价都在铸就着服务型政府。
　　这只是体现政务转型的一个小方面。从基础建设到整合应用，我国的电子政务正处于关键的发展阶段。2010年，是“十一五”的最后一年，更是“十二五”的开局之年，电子政务的建设必将成为“十二五”的桥接器。
　　三阶段实现互联治理
　　信息技术的迅猛发展，特别是互联网技术的普及应用，使电子政务的发展成为当代信息化的最重要的领域之一。根据联合国教科文组织的调查，89%的国家都在不同程度地推动电子政务的发展，并将其列为国家级的重要事项。
　　而《联合国e-Government2008调查》对未来电子政务的发展做出判断，提出了“互联治理”(Connected Governance)，加强政府机构之间、政府与公民之间，以及政府与其他各种类型的利益相关者之间的合作，构筑一种新型的内外关系。要实现这种“互联治理”，得经历基础设施建设、整合、转型三个阶段(如图)。
　　我国的电子政务发展很快，已经取得很多进展。首先，网络基础设施初步形成规模，电子政务网络覆盖100%的省、90%以上的市和80%以上的县。中央国家机关各单位都建成了满足内部办公需要的局域网，多数单位建设了本系统的专用网。2007年，国家电子政务外网平台投入使用，初步具备了承载中央和地方政务部门业务应用的能力。其次，重点应用系统成效日益显著，金税、金关、金财等金字号工程逐步建成应用，这些信息系统开始在关系国计民生的重大领域发挥着重要作用，像海关、税务等机构在全国大体上做到了全业务、全流程、全覆盖。另外，政府门户网站建设和信息公开工作也得到了有力推进。
　　电子政务是同时作用于政府内外的变革力量，它始于办公OA，但决不止于此。目前，在我国，电子政务已经超越了提高工作效率、降低行政成本的“手段”层面，更加强调信息技术对于政府存在形式和运作方式的重塑。未来在线方式的应用推广会更盛行，但必须与政府治理方式的转变过程相适应。
　　信息共享和业务协同
　　伴随着我国电子政务建设的不断推进，跨组织的信息共享和业务协同的重要性越来越显现出来。《中共中央关于制定国民经济和社会发展第十二个五年规划的建议》提出，要“加强重要信息系统建设，强化地理、人口、金融、税收、统计等基础信息资源开发利用。以信息共享、互联互通为重点，大力推进国家电子政务网络建设，整合提升政府公共服务和管理能力。”
　　我国大大小小的政府机构数以万计。如果采用个体经济的办法任由部门各自开发自己的系统，不仅将浪费大量的资源和时间，更会由于缺乏标准和规范，而使各种系统难以兼容，信息资源难以共享。
　　推进电子政务信息共享和业务协同发展是电子政务发展到深化应用、突出实效阶段的重要工作，是避免重复建设、进一步提高电子政务发展质量和综合效益的有效手段。工业和信息化部副部长杨学山在年初接受采访时就表示，政府信息公开已经取得很大进展，但政府部门之间的信息共享和业务协同还有较大差距，需要进一步推进。他举例说，如果地理信息系统资源能共享，对城市规划，不管是房屋建设还是道路规划都会有很好的作用。他以企业注册为例，强调业务协同对服务公众的巨大价值。现在注册一家企业需要跑工商、税务等40多个部门，而通过业务公开、办事大厅等措施就能大大促进政府的业务协同，大大提高老百姓的办事效率。
　　关键字是政务，不是电子
　　许多国家的实践都证明：电子政务中的关键字是政务，而不是电子。在电子政务的发展过程中，克服形形色色的社会阻力是电子政务成功的重要因素之一。实现由现有政务到电子政务的转变，是十分复杂的问题，决不是有了投资、买了设备和软件，或者建了政府门户网站，就可以轻而易举实现的。
　　我国电子政务的发展应该以政府的业务流为主线，实际上是要利用信息技术给政府重新梳理一次流程，把那些最急需的政府业务先梳理出来，按照优先顺序梳理完，电子政务的总体结构也就有了。其中，有的业务流程可能会引发政府职能转变，有的会促使政府机构进行调整。
　　另外，还需强调的是，政务转型不可能一蹴而就，电子政务的建设、应用必须分步走，循序渐进。而且，有必要加强电子政务安全的科学管理。
　　2010年6月，在北京召开全国电子政务建设和发展经验交流会上，杨学山指出接下来一个时期要重点做好以下方面工作：一要进一步深化认识，提高推动电子政务发展的自觉性；二要切实抓好“十二五”电子政务规划工作；三要从提升政府绩效的角度，进一步深化和拓展电子政务应用；四要从建设服务型政府的角度，继续加强政府网站建设与管理；五要进一步推动跨部门、跨层级、跨地区信息共享和业务协同；六要把提升信息资源建设和利用水平作为“十二五”电子政务发展的重点；七要加强电子政务体制、法规的研究，力求在“十二五”规划中对此做出妥善安排；八要正确把握安全与发展的关系；九要进一步抓好培训工作，提升电子政务工作人员的能力。
　　观点
　　经济社会、行政管理体制改革和网络公民参与这三个方面都会对电子政务产生影响，未来中国电子政务的发展趋势整体上可以用五个词概括： 整合、协同、互联、共享、重构。“整合”就是随着行政管理体制改革的深入，对已有的政务系统必须进行大规模的整合；“协同”即重点实现业务的跨部门协同；互联就是克服条块分割、消除信息孤岛，加快实现互联互通；“共享”就是在整合、互联、协同的基础上，提高资源共享水平；“重构”就是按照政府组织体系的调整，重构一些重大综合应用项目。
　　——国家行政学院电子政务专家委员会副主任、国家信息化专家咨询委员会委员 汪玉凯
　　电子政务的建设必须强调一个理念，那就是以服务对象为中心，核心是为公众服务。从形式到内容的门户网站，从设计到应用的电子政务系统，都要以服务对象为中心。只有从服务对象的角度来看问题，才能找到正确的解决办法。
　　——国家信息化专家咨询委员会委员 王安耕"
股票,"申万香港：中国平安融资缓解资本压力
　　申银万国（香港）
　　中国平安今日公布了融资计划，公司计画在香港市场做定向增发，周大福成为这次增发的唯一参与者，将认购 2.7 亿股平安新发行的 H 股，每股作价 71.5 港元，总融资额大约为 25 亿美元。增发做完，周大福将持有平安 3.44%的股份。此次的增发价格相对于前一日收盘价折价 12.5%，前三十日平均价折价 9.9%，相对于 A 股平安的交易价格溢价 20%左右。
　　定向增发的募集资金用于增加公司资本金，提高偿付能力充足率，增强公司的资本和资金实力。中国平安产、寿险业务发展平稳，其他业务保持较高利润增速，基本面无忧，但市场始终担心公司资本略显不足，前期中国平安宣布短期不在 A 股融资后，香港市场对平安港股融资有强烈预期。偿付能力充足率的提高将为保险特别是财险和银行业务的高速增长消除后顾之忧。根据我们测算，平安通过此次融资 164 亿元人民币，2011 年末偿付能力充足率可达到 210%以上，较融资前的 189%有显著提高，相比 2010 年中期的 218%保持稳定，远高于保监会要求的 150%的标准。
　　由于高基数原因，平安前两个月的个人新单保费出现了将近 20%左右的负增长，我们认为未来增速会反弹，我们维持全年 20%左右新业务价值增长的预测。考虑到摊薄效应，我们维持 100 港元的目标价，维持增持的评级。
欢迎发表评论  我要评论"
股票,"Fred's第四季盈利增长逾一倍
　　新浪财经讯 北京时间周四晚间消息，折价零售商Fred's Inc(FRED)表示，第四财季盈利增长一倍以上，主要是因为缺少了拖累上年同期业绩的一次性开支。
　　截至1月30日的财季，该公司净盈利从上年同期的230万美元，合每股6美分，增至570万美元，合每股15美分，与接受汤森路透调查的分析师平均预期的一致。
　　上年同期业绩中包括与店面关闭以及诉讼和解相关的每股14美分的开支。
　　季度营收增长1%，从上年同期的4.69亿美元增至4.731亿美元，略高于分析师平均预期的4.727亿美元。同店销售额下降0.9%。
　　Fred's预计2010财年每股盈利68-75美分。
　　该公司预计第一财季每股盈利15-20美分，营收增长1-3%，同店销售额同比持平。
　　分析师平均预期该公司第一财季每股盈利18美分，全年每股盈利68美分。"
股票,"大盘双双低开 沪指开报2209跌27点  

　　世基投资 
　　受美股大跌的影响,今日沪深大盘双双低开,沪指开报2209.12点,下跌27.29点；深成指开盘报7199.83点,下跌269.25点,两市共有61家上涨,177家持平,1476家下跌,两市共成交17.3亿元,较昨日减六成。 
　　短线大盘将出现强势震荡格局 
　　虽然昨天两市大盘继续大涨,但是开盘后股指快速冲高回落,成交量急剧放大。从盘口动向来看,两市累计成交量比上周五放大一倍,而最近三个交易日大盘最大涨幅超过25%,技术上上档30日均线对股指构成较大压力,短线调整压力增大。从消息面来看,尽管有中石油大股东增持等利好消息,但各类成交数据显示,无论是基金还是QFII席位都有减持的迹象,同时,国际市场方面,因担忧经济衰退,美国股市出现大跌,国际油价创历史单日最大涨幅。因此,短线大盘将出现强势震荡格局。 
　　半数银行家预期四季度货币政策将松动 
　　央行昨日公布的第三季度全国银行家问卷调查显示,三季度贷款需求大幅下滑,贷款需求指数为67.4%,较上季出现明显回落。大型企业需求下降突出,中、小企业贷款需求仍相对强劲。 
　　银行家对下一季度货币政策预期也产生了较大变化,近半数银行家预期下季度货币政策将有所松动。三季度选择货币政策""适度""的银行家占比回升,达44.9%,较上季大幅提高了13.7个百分点,表明银行家对现行货币政策认可度有所提升。但股份制银行与外资银行仍有超过或接近七成的银行家认为货币政策""过紧""或""偏紧""。 
　　上述调查显示,对四季度经济运行走势,35.3%的银行家预计将持续偏热,48.1%的银行家认为下季""正常"",13.6%预计偏冷。判断经济运行偏冷的银行家占比升至自2004年调查开始以来的最高水平。 
下一交易日大盘走势判断
您目前的仓位"
股票,"国寿去年盈利336亿元 钟情可转债偏好金融股
　　⊙记者 卢晓平 ○编辑 颜剑
　　今日，中国人寿披露上市险企首份年报。年报显示，国寿每股收益1.19元，同比微涨2.3%。同时，公司董事会建议派发每股人民币0.40元股息。
　　净利微增
　　年报显示，国寿全年营业收入达人民币3887.91亿元，同比增长13.7%；归属于公司股东的净利润达336.26亿元，同比增长2.3%。截至本报告期末，公司总资产达人民币1.41万亿元，同比增长15.0%；内含价值达人民币2980.99亿元，同比增长4.5%；全年已赚保费达3180.88亿元，继续占据中国寿险市场主导地位。
　　“公司的业绩符合预期，包括新旧业务价值增长”，一位资深券商分析师表示。
　　数据显示，去年全年已赚保费达人民币3180.88亿元，同比增长15.6%；意外险保费占短期险保费比重由2009年同期的50.31%提升至51.13%，续期保费收入占总保费的比重由2009年同期的38.20%提升至40.22%；新业务价值稳步提升，一年新业务价值达人民币198.39亿元，同比增长12.0%。
　　值得关注的是，公司寿险业务员数量出现下降，这在国寿历史上少见。“这说明劳动力成本提升和个险渠道竞争的激烈，从而使得国寿营销员数量下降”，这位分析人士表示。
　　年报显示，相比上年，公司偿付能力充足率去年出现一定程度下滑，从2009年底的303.59%下降到211.99%，但仍远高于保监会所规定比率。公司认为，偿付能力充足率下降的主要原因是受公司业务发展和资本市场波动、上年度股息分配影响。
　　钟情可转债，偏好金融股
　　一如既往，该公司的投资情况颇受市场关注。昨晚的年报使得公司前十大持仓股浮出水面，其特征非常明显：坚定看好金融股；剑走偏锋持有可转债；追逐老资源煤炭和新能源概念；重视制造业；同时，不忘吃药喝酒。
　　数据显示，去年该公司投资资产达1.336万亿元，较2009年同期增长14.0%，债权型投资的比例由2009年同期的49.68%降低至45.51%，股权型投资的比例由2009年同期的15.31%降低至14.66%，定期存款比例由2009年同期的29.43%提升至33.05%；总投资收益率为5.11%。
　　受累银行证券等金融股的低迷，民生银行、中信证券对业绩的贡献从赚钱滑落至亏损。其中，民生银行的仓位由于持股数量较大，从赚钱9.15亿元坠落到浮亏4.29亿元的冰点。同样，对中信证券的持仓则从此前的8284万元浮盈，转变为浮亏7175万元。
　　值得关注的是，国寿很钟情可转债：上年持有新钢转债、澄星转债，去年则新增加了中行转债、工行转债，前十大证券投资组合中有4只是可转债。中行转债和工行转债共计贡献了4.19亿元的浮盈。
　　由于二级市场的低迷，使得国寿的波段操作十分明显，对于一些热点股票，进出周期明显缩短。上年曾位列前十大持仓池中的五只——辽宁成大、天津港、建投能源、美的电器、中国平安去年已经不在名单中，而变成了鄂尔多斯、广州控股、卧龙电气、国药股份。
　　目前，国寿持有的非上市金融企业股权有广发行、人寿财险、杭州银行、中国银联、渤海产业投资基金，其中，持股量最大的是广发行，占比20%，持股杭州银行3%、持股中国银联2%、持股渤海产业投资基金3%。
　　展望今年，市场分析人士认为，由于银保监管新规等实施，将对公司的业绩带来一定影响。公司有关负责人表示将继续实施积极进取的竞争策略，加快中长期期交业务发展，不断优化业务结构；切实巩固公司市场主导地位，并适时适度调整投资组合，努力提高投资收益。"
股票,"汇金增持四大行6400余万股 动用资金近2亿元
　　新浪财经讯 10日晚间，工农中建四大行发布公告，披露汇金今日增持A股情况。根据四大行公告，汇金今日增持工行A股14,584,024股，农行39,068,339股，中行3,509,673股，建行7,384,369股。按今日四大行收盘价粗略计算，汇金增持工行耗资5819万元，农行9650万元，中行1007万元，建行3256万元，总计耗资19732万元，约为2亿元。"
财经,"宝钢高管买自家股被套 王亚伟潜入
　　宝钢股份高管关心的不应该只是铁矿石价格，还有宝钢股份的股价。
　　根据上证所董事、监事、高级管理人员持有本公司股份变动情况，宝钢股份党委副书记、高级工程师诸俊生分别于5月12日、13日、16日，通过二级市场以6.81元/股、6.63元/股、6.63元/股的价格，分批买入6000股、2000股、12000股总计2万股宝钢股份股票。此前诸俊生并未持有宝钢股份。据计算，诸俊生近几日的买入已产生账面亏损。
　　不过股票被套的并不只是诸俊生一位高管，包括宝钢股份监事林鞍，副总经理兼不锈钢事业部总经理楼定波，董事、总经理马国强等高管的增持目前均处于“被套”状态。
　　其中，宝钢股份董事长何文波在2010年5月12日和2010年12月21日两次增持股份。而根据宝钢股份2010年年报及上证所董事、监事、高级管理人员持有本公司股份变动情况，目前副总经理、董秘陈缨持有6万股，监事林鞍持有3.58万股，王静持有3.6万股，楼定波持有3万股，马国强持有6万股，何文波持有8万股。
　　宝钢股份总经理马国强于今年3月31日召开的2010年业绩说明会上表示，今后会研究高管薪酬和股价挂钩的方法，鼓励高管用薪酬的一部分(40万到50万元不等)购买自家股票，算作挂钩的一种尝试。
　　值得关注的是，明星基金经理王亚伟也看好宝钢股份的前景。由王亚伟担任基金经理的华夏大盘在今年一季度买入4000万股宝钢股份，而去年底宝钢股份尚不在华夏大盘的股票明细中。  分析人士称，作为钢铁行业中盈利能力最强的上市公司，宝钢股份目前市盈率仅9.6倍，不但低于处于底部的银行股，也低于同行业其他上市企业。此前公告的宝钢股份2010年年报显示，2010年实现净利129亿元，同比增长121%。《东方早报》"
财经,"现货卖家变身多头 后市警惕价格操纵
　　◆每经记者 唐宗全
　　根据国内三大期货交易所公布的持仓数据，近期记者发现一个特别值得关注的现象，现货卖家作为“天然空头”不做空，纷纷在第一大多头的位置，错位站岗。
　　金属铜上，金瑞期货总持仓6073手多单，名列第一大多头；五矿实达总持多仓3430手，名列多头第四；迈科期货总持多仓3036手，名列多头第六。
　　金属铝上，中铝国贸以4200手多单，名列第一大多头。
　　玉米上，吉粮集团总持多单26400手，名列多头第一。
　　大豆上，吉粮集团总持多单12150手，名列多头第五。
　　黄金上，金瑞期货总持仓6562手，名列多头第二；山东黄金总持仓1600手，名列多头第四。
　　白糖上，珠江期货总持仓24357手，名列第一大多头。
　　现货卖家做多头
　　这些交易席位都大有来头，并不是一般意义上的期货经纪公司。这些席位的背后，活跃着国内现货市场数一数二的大型企业。
　　金瑞期货背后是国内赫赫有名的江西铜业，五矿实达背后是中国五矿集团公司，中国五矿集团专做金属和矿产品的进出口业务，2007年名列全球500强第412位，属大型国有央企。
　　迈科期货背后是迈科控股集团，迈科控股集团是经营有色金属的西安民营企业，之所以出名是因为2005年~2006年铜的超级牛市中，迈科一路做多大赚特赚。
　　中铝国贸背后是中国铝业，中国铝业对其控股90.5%。中国铝业业务范围从铝土矿山到氧化铝生产，从电解铝到铝材销售，整个形成了一条龙。目前是全球第二大氧化铝生产商，国内最大的氧化铝和原铝生产商。
　　吉粮集团1996年8月正式挂牌运营，是中国玉米第一大产区吉林省的国有大型企业，承担粮食收储的任务，年收储能力300万吨。
　　珠江期货、浙江大地、中粮期货、河南万达、长城伟业在白糖上表现非常抢眼，根据业内人士传言，这些多头资金也是大有来头，大规模持多仓的背后到处都是广西白糖现货商的影子，糖业人士称呼他们“大集团”。
　　前期市场经历了猛烈的下跌，这些实力雄厚的现货商进场做多，难道是想炒底？因为从套期保值的角度很难解释他们做多的理由。
　　他们有能力主导期货行情
　　以中铝国贸的持仓为例，明显可以看出他们具有主导行情的能力，否则很难解释如此“精确”的操作。
　　7月7日中铝国贸总持仓为空单1900手，这个时候市场发生了一件事情，那就是国内20家铝厂联合搞了个限产保价行动，中铝7月16日将空头持仓增加到2813手，从中铝国贸开始加空开始，铝价持续暴跌！8月19日，中铝国贸将空单加到3118手，这个时候铝价开始跌穿前期支撑平台。限产保价措施没有起到效果，保价联盟开始出现崩溃，个别铝厂开始出现关闭产能。9月10日，中铝国贸将空单加到4145手，铝价的暴跌开始了，到10月9日中铝国贸最后1399手空单平仓，铝价已经跌到14000元附近。
　　不过，从10月24日开始，中铝国贸反手做多4200手，这很难用套保行为来解释，也和他们一直以来的操作方向背道而驰，“抄底”的味道非常浓。中铝国贸介入以后，铝价就奇迹般地止跌了，目前在14000元/吨附近横盘震荡。中铝国贸做空曾经暴赚6000元/吨，很难说是顺应了趋势还是主导了趋势。
　　以上提到的实力雄厚的现货商，基本上都有左右价格涨跌的能力。
　　警惕现货商操纵市场
　　近期，白糖的走势就很容易说明问题，先用东莞糖会忽悠，但是失败在疲软的基本面前。一计不成又生一计，昨天又传出消息，前天广西白糖现货商们又开了个会，有消息说这次是要出口，并且宣称如果价格低于3100元，国家又要出面收储。
　　市场又制造了个做多题材，昨天盘面受到此消息影响，又是放量增仓大涨近3%，资金推动是近期行情的基本特征。
　　业内人士说，“目前通货膨胀有所缓和给了他们做多的宏观环境，现在需要警惕现货商利用天然的优势操纵期货价格。”"
财经,"产销利好出尽 糖价仍有旺季需求支撑
　　周维
　　昨日，截至5月底的全国食糖产销数据出炉。虽然5月份数据表现尚可，但分析师称这意味着利好已经出尽，不过有需求旺季到来的支撑，白糖近期可能以震荡走势为主。
　　中国糖业协会相关统计显示，目前2010/2011年度制糖期食糖生产已全部结束。本制糖期全国共生产食糖1045.42万吨，比上一制糖期少产糖28.41万吨。其中，产甘蔗糖966.04万吨，上个制糖期同期产量1013.83万吨；产甜菜糖79.38万吨，上一制糖期同期产量60万吨。
　　统计还显示，截至2011年5月底，全国累计销售食糖654.75万吨，同比累计少销21.7万吨，累计销糖率62.63%，较上个制糖期同比下降0.36个百分点。其中，5月份单月全国销糖117.91万吨，同比多销糖25.27万吨。
　　对此，永安期货分析师周源表示，本制糖期产糖量较上一制糖期下降28.41万吨，至此减产题材已经被彻底消化。目前国内工业库存剩余量为390万吨左右，是近4年来的最低值。销售进度的加快以及库存偏低，导致了前期白糖价格快速反弹。
　　从5月24日至6月3日，郑州商品交易所(下称“郑商所”)白糖期货价格从6400元/吨上涨至6860元/吨左右，7个交易日上涨了约460元吨，涨幅约7%。
　　不过，5月销售数据表现不错的这一利好，并未对昨日的市场造成太大推动。昨日，郑商所白糖期货主力1109合约以6822元/吨收盘，较前一交易日下跌40元/吨，跌幅0.58%。
　　在糖价下跌的同时，大量资金开始撤离期货市场。郑商所统计显示，白糖期货全线合约昨日共减仓23472手，收盘持仓量64.7万手。其中，多头持仓榜前20位共减仓5334手，合计持仓量22.8万手；空头持仓榜前20位共减仓3352手，合计持仓量18.2万手。
　　北京中期分析师张向军表示，5月销糖形势较前几个月有些起色，当月117.91万吨的销量仅次于2008年、2009年同期，为历史第三位。而销量增加导致糖厂库存下降至近四年来最低水平。“至此，产销数据利好作用被消化完毕，预计白糖期货价格近期以震荡走势为主。”张向军说。
　　上海中期分析师经琢成则认为，在现货糖价维持在7000元/吨价位运行的情况下，5月份单月食糖销量出现增长，这反映了用糖企业对于糖价在7000元/吨左右有一定承受力，这对糖价具有支撑作用。在端午节过后，市场将逐渐迎来饮料的消费旺季，食糖的需求可能会逐步增加，这亦对糖价形成支撑，后期糖价有望继续保持相对高位运行。
　　“尽管目前各预测机构对2011/2012年度国际市场食糖的产量都持乐观态度，但我们注意到阶段性需求对糖价的支撑作用非常明显。随着斋戒月的临近，预计国际糖价仍将维持强势格局。而目前国内糖市已经有明显转暖迹象，后市走势上可能会逐渐向现货价格靠拢。”良运期货分析师姜大中说。"
财经,"忧虑日本削减进口 国际粮价连续大跌
　　由于市场担忧日本短期内削减谷物进口量，近期CBOT玉米期货持续下挫。
　　证券时报记者 李哲
　　作为全球最大的玉米进口国、第三大大豆进口国及第五大小麦进口国，日本短期内削减国际市场谷物的进口量，将带动相关商品价格走弱。
　　受灾的日本北部和东北地区是日本畜牧业的重要基地，市场担心日本地震及海啸可能放慢粮食进口步伐。不过，现在还很难评估日本地震和海啸对其谷物需求的影响有多大，后期陆续还会有更多有关畜牧业和农业基础设施受损程度的信息传来。
　　截至昨日北京时间19时，芝加哥期货交易所(CBOT)5月小麦期货下跌2.37%，报7.0325美元/蒲式耳；5月玉米下跌1.5%，报6.56美元/蒲式耳；5月大豆跌1.32%，报13.225美元/蒲式耳。
　　“地震和海啸严重损坏或摧毁了日本的港口、饲料厂和肉类加工厂。日本对美国玉米和大豆的需求可能会分别下滑7%和8%。”美国AgResource公司商品分析师丹贝司认为，日本进口美国玉米的数量可能会下跌50-100万吨，而其对美国大豆的进口量可能会削减25万吨。
　　值得注意的是，日本是全球最大的玉米进口国，也是美国大豆的第三大市场。日本对小麦的进口预计会保持稳定，因其所购进的大多数小麦会用于制粉，而不是用于生产动物饲料。来自美国农业部数据显示，日本每年进口大约1500万吨的玉米，以及分别300万吨的大豆和小麦。2010年日本进口了1434.3万吨美国玉米、314.8万吨美国小麦、234.7万吨美国大豆和39.89万吨美国大米。
　　一位日本玉米进口商称，谷物的运输还没有被取消，或转运至其他目的地，但部分驶往地震重灾区——日本北部的船只将转向日本其他的港口。“如果今后6个月饲料加工商能以一半左右的产能运转，那么同期日本综合饲料产量将减少100万吨，饲用玉米进口或减少50万吨左右。”
　　不过，渣打银行最新报告却认为，日本地震后可能提高粮食进口，确保食品供应。对玉米期货市场而言，这是一个利多因素。考虑到日本是全球最大的玉米进口国，玉米需求提高可能提振粮价。
　　显然，日本地震对于粮食市场是一记重击还是一剂强心针仍有待观察。但是，从商品市场近期表现看，上周五日本发生强烈地震及海啸后，玉米、小麦、大豆和大米期货价格急剧下跌，随后微弱反弹，周一至今表现疲软。联合国粮农组织经济学家称，日本地震导致谷物市场情况更加扑朔迷离。"
财经,"海富通上证周期行业50ETF联接首募7.32亿
　　全景网9月29日讯  海富通基金周三发布公告称，海富通上证周期行业50交易型开放式指数基金联接基金于2010年9月28日正式成立，首发募集7.32亿元。
　　该基金于2010年8月19日起向全社会公开募集，截至9月17日，基金募集工作已经顺利结束。
　　本次募集的有效认购户数为5826户，净认购金额为7.32亿元。按照每份基金份额面值1.00元计算，募集期的有效认购份额及利息结转的基金份额合计共7.33亿份。(全景网/邱璧徽)
欢迎发表评论  我要评论"
